dist_x,dist_y,axis_y,vel_y,action
7,1,88,4,0
4,1,124,8,1
7,1,118,-5,0
9,2,117,3,1
1,2,90,-1,1
4,3,114,-6,0
-3,0,83,4,0
10,-7,98,-6,0
4,1,138,5,1
-1,1,147,4,1
3,-1,131,-4,0
10,-4,117,3,0
15,2,128,3,1
5,1,204,6,1
7,0,73,4,0
11,-1,87,5,1
1,-1,83,-2,0
11,0,181,5,1
16,0,137,-1,0
8,5,141,-5,0
-2,1,147,5,1
-4,1,143,5,1
15,1,195,6,1
14,2,136,5,1
7,-1,182,2,0
1,1,146,5,1
7,-2,98,-4,0
10,-8,56,-3,0
-1,-1,162,2,0
7,2,197,8,1
4,-1,120,4,0
9,0,119,5,1
-4,1,83,6,1
9,3,158,-2,1
-2,-1,183,2,0
1,1,204,5,1
6,-1,145,-4,0
6,2,100,-3,1
11,3,106,4,0
1,0,76,3,0
1,1,200,6,1
-2,1,91,5,1
1,2,112,6,1
10,-4,135,5,0
-3,1,189,4,1
-2,-2,175,2,0
-1,-1,81,-3,0
11,-1,153,2,0
2,2,130,5,1
10,7,189,5,1
7,0,196,-5,0
9,2,201,6,1
8,1,121,5,1
-3,-2,99,1,0
3,1,115,5,1
-1,-1,61,-3,0
2,2,152,6,1
1,-2,173,2,0
1,0,113,-5,0
0,-1,104,2,0
10,1,101,5,1
3,-1,85,2,0
-2,1,102,5,1
11,-8,93,4,1
7,0,89,1,0
8,6,132,-4,1
4,-2,69,0,0
4,1,103,4,1
-2,-2,114,0,0
2,-2,127,3,0
-1,1,107,5,1
0,0,132,-5,0
9,2,162,3,1
6,-2,149,-2,0
-2,1,163,5,1
-1,-3,80,-1,0
0,0,117,0,0
2,1,143,-6,0
-2,-2,59,1,0
0,0,171,5,0
2,-1,171,-2,0
1,-1,122,-3,0
2,2,90,5,1
4,-1,104,-3,0
6,-2,148,0,0
-1,1,122,5,1
10,5,131,4,0
10,5,171,-3,0
11,3,107,5,1
-1,1,97,5,1
8,2,145,0,1
-1,-1,120,-3,0
6,2,208,8,1
-4,-1,123,2,0
6,-2,74,0,0
-4,-2,75,1,0
-3,1,115,6,1
2,-1,131,-2,0
4,2,89,5,1
1,1,166,6,1
3,2,183,5,1
16,-3,124,0,0
3,3,149,6,1
-3,-2,45,-1,0
1,-2,157,-3,0
0,-1,168,-5,0
11,-3,107,5,1
6,-3,167,1,0
-4,0,116,5,1
9,-5,102,-5,0
7,0,110,2,1
2,-2,62,0,0
11,-4,94,4,1
5,-2,58,2,0
-4,1,134,4,1
15,3,165,5,1
7,-10,46,1,0
1,1,112,5,1
9,1,171,6,1
7,2,200,7,1
-1,-3,90,0,0
8,1,139,-4,0
-3,1,101,5,1
6,2,152,7,1
0,1,202,5,0
-2,1,80,5,1
10,4,191,5,1
6,3,194,9,1
9,5,161,-6,0
2,1,174,-6,0
8,-2,66,0,0
-1,1,125,5,1
0,-1,157,0,0
8,1,139,-2,1
3,-3,65,-1,0
1,-1,104,0,0
12,1,117,5,1
0,2,193,5,1
9,-7,96,5,0
4,2,161,4,1
-2,-1,95,-4,0
-3,-2,148,-3,0
9,-1,87,0,0
9,0,176,4,1
6,1,186,7,1
10,-9,96,5,1
15,0,179,7,1
6,1,196,6,1
14,8,187,-3,1
9,-4,132,3,0
10,2,172,5,1
7,1,167,4,1
7,1,145,-2,1
7,2,146,-3,1
11,-9,75,4,1
3,0,176,5,0
4,2,126,8,1
-1,1,105,5,1
10,3,168,-2,1
-1,-1,151,1,0
-3,-1,65,2,0
0,1,105,5,1
8,-2,105,-4,0
0,1,125,5,1
-1,-2,139,1,0
11,-3,119,5,1
3,-1,144,-2,0
12,-2,145,0,0
3,1,174,5,1
5,0,66,2,0
9,-1,169,2,0
9,4,159,5,1
4,1,191,5,1
-2,0,156,3,0
7,-3,155,4,0
8,2,154,-3,1
8,2,127,5,1
1,-2,68,0,0
5,1,116,8,1
-4,0,101,4,0
1,2,168,6,1
7,0,113,1,0
1,-1,166,-4,0
-3,-1,90,-4,0
0,1,183,-6,0
-3,-2,98,-2,0
2,1,107,5,1
4,1,189,6,1
8,0,88,4,0
15,1,86,3,0
-4,0,153,5,1
3,3,211,6,1
7,-6,128,4,0
-1,2,147,6,1
11,-5,91,2,0
7,4,110,-2,1
0,1,131,6,1
2,-2,132,-2,0
8,2,92,-2,1
-2,-1,107,-4,0
-2,-1,168,-3,0
4,1,86,2,1
8,-2,116,3,0
4,-2,164,-2,0
10,2,197,5,1
-4,1,177,5,1
6,-1,101,-1,0
3,2,139,6,1
-4,1,78,5,1
3,0,77,3,0
-1,1,165,5,1
2,2,142,5,1
-3,1,168,6,1
16,4,161,4,1
8,-1,143,8,0
13,-1,132,-2,0
5,-2,157,9,0
9,2,170,-3,1
10,8,174,-4,0
-3,1,189,5,1
7,1,129,-3,1
-4,-1,157,-4,0
9,-2,124,-2,0
-3,1,136,5,0
1,-1,87,-4,0
4,-1,114,1,0
3,0,90,-5,0
-4,-2,48,2,0
2,-3,78,-1,0
5,-1,137,4,0
2,1,123,-5,0
-2,-2,74,-1,0
7,3,102,-3,1
7,5,128,-4,1
9,-8,51,1,0
-1,1,114,-6,0
3,2,158,6,1
9,3,113,0,1
6,1,197,11,1
-4,1,205,-6,0
7,2,181,5,1
0,-2,148,-2,0
10,-4,95,5,1
11,9,176,5,1
11,5,169,6,1
8,-9,106,2,0
7,2,95,6,1
1,2,196,5,1
6,2,140,9,1
5,-2,124,0,0
5,2,110,2,1
3,3,175,6,1
0,-1,80,-4,0
0,1,120,5,1
16,0,172,8,1
1,2,187,5,1
8,2,126,-3,1
2,-2,63,-3,0
7,1,168,8,1
7,2,128,-3,1
-1,1,127,5,1
3,0,183,-2,0
-2,1,180,5,1
9,-10,93,5,0
4,2,143,6,1
9,6,169,-3,1
16,-1,160,-4,0
7,-1,164,-3,0
-1,1,200,6,1
4,-1,124,1,0
2,-2,66,-2,0
7,1,153,10,1
-1,2,97,4,1
5,0,87,2,0
-2,0,73,-6,0
-1,-1,158,-5,0
1,2,192,6,1
11,-3,160,5,1
-3,0,148,5,0
4,2,87,4,1
3,2,212,7,1
11,1,195,5,1
-1,-2,70,-2,0
3,2,195,6,1
9,0,183,7,1
2,1,201,-5,0
16,0,88,1,0
7,-2,59,1,0
-3,-1,164,4,0
0,1,151,5,1
4,2,118,5,1
1,0,154,-6,0
10,-3,90,-4,0
6,1,152,-6,0
5,1,159,4,1
5,-1,170,-3,0
5,3,160,-6,0
6,-1,176,-3,0
5,0,142,2,0
2,1,200,5,1
11,2,178,5,1
0,-1,179,3,0
1,-1,179,0,0
7,1,182,7,1
5,2,196,5,1
10,1,132,6,1
-4,1,197,6,1
2,0,173,4,0
10,5,156,3,1
8,7,143,-3,1
3,1,82,3,0
9,0,118,6,1
8,1,162,1,1
0,-1,133,-4,0
-1,0,112,4,0
3,1,158,-5,0
-3,-1,64,-3,0
5,1,123,8,1
16,-5,134,-4,0
9,-5,124,1,0
-4,0,187,3,0
1,1,154,5,1
0,1,140,5,1
-4,-2,118,1,0
0,1,177,4,1
0,-1,153,-3,0
-4,1,184,5,1
-2,1,176,4,1
-3,2,99,6,1
10,2,162,5,1
-3,1,104,5,1
-4,-1,95,-4,0
-4,-2,129,-3,0
0,-2,150,-2,0
9,0,118,2,0
-2,-1,80,3,0
5,0,105,3,0
4,-1,95,-3,0
9,3,108,4,1
-3,1,137,5,1
-1,1,166,6,1
9,0,167,-4,0
-1,1,85,5,1
7,4,121,3,1
11,-2,163,1,0
3,0,124,-4,0
2,0,164,4,0
-2,1,175,4,0
4,2,110,5,1
-1,1,186,4,0
0,2,150,5,1
-3,1,177,5,1
8,1,166,4,0
-4,1,148,5,1
11,5,143,-2,0
1,-2,135,-1,0
8,3,168,5,1
6,2,159,10,1
-1,1,193,5,1
8,1,166,-5,0
-2,-2,85,2,0
11,2,94,4,1
16,5,116,-2,0
3,0,174,-3,0
-3,0,77,5,1
10,4,129,-3,1
0,-1,160,2,0
6,2,134,5,1
-1,1,128,5,1
-2,2,144,5,1
1,-1,124,-2,0
9,10,170,3,1
0,-1,136,-5,0
-3,-2,97,1,0
-2,-3,110,1,0
-1,-2,132,-2,0
1,2,210,5,1
1,1,126,6,1
6,2,165,-2,1
2,2,194,6,1
1,2,176,5,1
7,0,159,1,0
9,5,170,1,1
2,0,152,-4,0
11,2,191,5,1
2,1,106,4,1
2,2,115,7,1
3,2,131,5,1
8,2,133,-5,0
6,-1,180,-2,0
9,0,144,6,1
-4,-2,102,-3,0
4,-2,115,1,0
9,2,148,-4,0
0,2,153,6,1
7,0,80,3,0
1,1,203,5,1
0,1,105,5,1
11,-11,66,-2,0
-1,-1,164,-4,0
5,4,136,5,1
6,2,200,8,1
4,-2,83,2,0
2,1,181,-4,0
9,-9,87,4,0
14,-1,106,0,0
10,3,181,4,1
2,1,163,5,1
5,-1,81,1,0
-3,1,168,-6,0
5,-3,58,1,0
-1,1,176,6,1
2,1,189,6,1
7,-3,133,1,0
9,5,169,2,1
3,-2,75,2,0
8,-2,160,5,0
5,-2,165,-2,0
-4,1,191,5,1
-1,1,86,5,1
10,2,178,-5,0
2,1,160,6,1
6,-2,124,-1,0
3,1,91,5,1
7,5,125,-2,1
4,0,122,5,0
3,-1,154,-3,0
16,0,176,4,1
3,3,130,4,1
7,1,141,5,1
9,-8,95,-1,0
7,-2,93,3,0
-4,0,105,5,1
9,4,166,4,1
5,-2,59,0,0
-2,1,127,5,1
6,0,192,9,0
-3,1,150,6,1
0,1,121,5,1
6,-1,102,-3,0
11,1,155,5,1
7,-1,181,-3,0
8,-3,146,0,0
1,1,206,5,1
4,0,82,3,0
0,1,190,6,1
-4,-3,100,-1,0
-1,1,122,4,0
10,-1,74,-2,0
5,0,102,2,0
-4,1,202,5,1
6,0,126,1,0
3,-1,76,-1,0
1,2,201,4,1
6,0,186,3,0
1,1,107,5,1
7,1,100,-5,0
8,1,105,6,1
2,1,193,4,1
-2,0,145,4,0
2,1,106,5,1
-2,-1,170,1,0
8,4,135,-6,0
11,6,134,-2,0
4,0,127,6,0
2,-1,91,-3,0
3,-1,102,-3,0
-2,-3,139,0,0
5,-3,90,-2,0
8,2,207,5,1
9,-5,78,4,0
9,-2,121,-1,0
10,-4,123,5,1
-2,-2,76,-3,0
12,2,143,4,0
0,0,107,-5,0
5,-2,48,-2,0
10,1,81,6,1
11,0,187,4,1
16,0,139,-2,0
-2,-2,130,0,0
1,1,150,5,1
-1,1,138,5,1
7,1,173,-5,0
-3,0,189,4,0
5,-4,157,1,0
9,3,133,4,1
4,-1,117,3,0
8,3,155,3,1
7,-8,48,3,1
9,0,165,-4,0
-3,-1,173,-4,0
-3,0,137,5,0
-2,2,136,5,1
5,0,198,-6,0
3,-1,155,1,0
7,0,94,-4,0
-3,1,194,5,1
2,-2,117,3,0
2,1,90,5,1
-2,1,106,-6,0
0,1,97,4,1
11,0,180,5,1
7,-1,121,4,0
3,1,164,5,1
10,6,155,5,1
1,1,191,5,1
1,1,169,5,1
-1,1,201,5,1
-4,-1,144,-4,0
4,1,128,6,1
5,1,164,5,1
9,0,145,0,0
-1,-1,59,3,0
8,0,194,6,1
7,-3,98,-3,0
2,0,176,-4,0
7,2,137,-2,1
4,-2,106,1,0
11,1,155,5,1
9,2,189,5,1
8,-3,153,0,0
5,2,194,9,1
-4,-2,156,-2,0
1,2,128,6,1
3,2,214,6,1
9,-4,155,-5,0
-2,1,160,5,1
-3,1,133,5,1
2,1,148,5,1
9,4,155,3,1
3,0,134,4,0
6,1,144,9,1
3,2,94,6,1
1,0,150,-4,0
6,-1,107,0,0
3,1,99,6,1
-2,1,103,5,1
5,-1,156,-1,0
1,1,131,4,0
-3,-1,135,-4,0
1,1,153,5,1
-2,1,176,5,0
-2,1,101,5,1
-4,0,168,-5,0
2,-1,162,2,0
4,2,121,5,1
10,5,145,5,1
16,-1,181,6,1
2,2,198,5,0
11,-5,107,2,0
8,1,178,6,1
-1,2,162,5,1
8,0,128,9,1
3,0,166,2,0
10,-2,148,-1,0
-2,1,137,5,1
-3,1,105,6,1
-2,-3,85,0,0
1,1,179,3,1
4,1,90,-6,0
0,1,188,5,1
5,0,99,3,1
-2,1,158,-6,0
-4,1,159,5,1
8,5,155,-3,1
5,-2,107,1,0
-4,1,188,5,1
9,7,145,-5,0
-1,1,204,6,1
2,-2,172,1,0
11,3,150,5,1
7,2,177,6,1
1,1,153,5,1
2,-2,77,0,0
4,1,145,-6,0
10,5,174,-5,0
9,-3,103,-3,0
5,0,177,5,0
-1,1,96,5,1
2,0,184,-5,0
3,-1,134,1,0
6,1,166,-6,0
-3,0,154,-6,0
-4,0,84,4,1
4,-1,98,2,0
-2,-2,58,-1,0
6,1,175,4,1
4,1,202,6,1
0,1,118,4,1
7,-2,116,5,0
4,-2,131,-4,0
-2,1,158,5,1
9,4,126,5,1
2,-1,167,-4,0
15,-1,179,4,0
-1,2,151,5,1
2,0,141,3,0
7,-1,184,7,1
3,2,132,5,1
-4,2,138,6,1
9,0,111,4,0
9,5,141,-2,1
11,-1,140,0,0
10,1,152,2,0
11,0,84,4,1
-3,-2,80,-1,0
-3,2,202,6,1
10,-3,122,-1,0
6,2,125,-5,0
7,1,195,6,1
3,2,189,5,1
-2,2,116,5,1
10,1,154,4,1
4,1,81,1,0
2,-1,85,-4,0
2,1,96,6,1
16,-3,113,4,0
15,-1,176,-5,0
-2,-2,167,-4,0
-4,1,86,5,1
16,2,167,5,1
-3,-2,174,-3,0
6,1,156,5,1
4,2,134,5,1
2,1,101,-2,1
-4,0,97,5,1
-1,1,138,4,1
-1,-2,163,-2,0
-4,-2,121,-2,0
-3,1,146,5,1
6,0,143,-5,0
7,-2,169,10,0
16,0,132,5,1
13,-3,42,-1,0
10,6,172,4,1
3,-2,154,-3,0
16,0,151,-2,0
-1,1,185,5,1
7,2,189,-6,0
9,2,178,-4,0
4,2,132,5,1
16,7,166,5,1
6,-1,140,6,0
10,1,176,5,1
1,1,162,4,1
7,1,168,4,1
5,2,138,6,1
-2,1,183,5,1
-2,1,154,5,1
9,10,170,3,1
9,2,108,-3,0
10,11,181,-6,0
11,0,157,5,1
5,0,145,2,0
2,-2,96,-1,0
0,1,187,5,1
5,0,129,4,0
-2,0,155,-5,0
-1,1,177,5,1
1,2,163,5,1
4,1,206,10,1
15,1,162,5,1
7,-7,105,5,0
11,-4,138,5,1
3,-1,167,1,0
8,0,193,-6,0
15,4,160,4,1
3,0,162,3,0
9,-1,144,-1,0
-1,1,158,4,0
-1,-1,150,0,0
3,2,180,6,1
-4,1,186,5,1
5,-3,101,3,0
-1,1,171,5,1
6,2,195,-6,0
-1,1,192,4,0
1,1,107,6,1
8,3,119,7,1
5,1,203,8,1
-3,1,100,5,1
-1,-1,148,3,0
9,0,173,2,0
8,4,176,5,1
6,1,153,5,0
0,0,99,-5,0
7,1,133,-4,1
-2,-2,53,-2,0
4,2,107,3,1
5,-1,128,4,0
-4,-2,143,1,0
-3,1,172,5,1
-2,-2,105,-2,0
0,0,188,-6,0
6,3,117,-2,1
-1,1,102,5,1
8,-1,66,2,1
3,1,198,-6,0
16,12,198,5,1
10,3,191,6,1
7,2,104,-5,0
0,2,117,5,1
3,0,152,5,0
10,-4,112,0,0
0,1,137,4,1
-1,-2,107,2,0
2,1,188,2,1
-2,1,148,5,1
7,2,99,-2,1
6,1,80,6,1
0,1,155,5,1
10,-4,112,-2,0
-1,0,170,-4,0
16,3,175,6,1
2,0,186,-5,0
8,0,92,3,0
-2,-2,102,-2,0
-2,1,108,5,1
15,3,150,-6,0
5,-1,68,-2,0
12,3,157,3,1
7,0,92,-2,0
7,4,125,-1,1
14,7,181,-6,0
7,2,125,-3,1
6,0,163,-2,0
5,-2,66,-1,0
6,-1,142,-3,0
10,-1,117,-4,0
11,2,133,-1,0
9,-4,91,-3,0
7,2,149,9,1
-2,0,147,4,0
5,-1,67,3,0
6,0,113,-3,1
5,2,175,9,1
10,0,135,3,0
5,0,69,2,0
8,3,124,-3,1
-4,1,203,5,1
8,7,164,-3,1
-2,1,145,6,1
7,-1,124,5,0
10,-4,159,2,0
5,2,168,-6,0
6,4,209,10,0
-1,-2,158,-1,0
10,-2,160,0,0
1,1,114,4,1
2,1,94,5,1
9,-2,107,0,0
15,2,97,4,1
7,-2,88,-2,0
10,-2,177,3,0
10,-1,135,5,1
7,1,126,-3,1
-1,2,183,5,1
5,2,192,11,1
3,1,200,6,1
6,-3,74,-3,0
-2,-3,149,1,0
-1,2,178,5,1
0,2,213,6,1
3,-1,141,-4,0
0,1,191,5,1
0,1,120,5,1
11,1,147,5,1
2,2,111,7,1
10,1,158,-3,0
-3,1,99,6,1
12,-8,50,1,0
-4,-1,181,3,0
0,1,204,5,1
-2,1,100,5,1
9,-2,175,-1,0
8,0,147,3,0
7,0,163,-4,0
11,-11,79,4,0
16,-1,124,0,0
-4,-1,152,-4,0
-3,0,186,4,0
8,2,185,7,1
-2,1,200,5,1
5,-3,65,-1,0
-4,0,167,-4,0
8,0,169,-5,0
16,0,154,4,1
-1,1,204,5,1
11,11,178,6,0
8,6,129,-3,1
3,0,106,-6,0
7,1,197,8,1
8,2,136,6,1
10,-1,136,-4,0
-2,1,96,5,1
6,2,163,9,1
-2,1,189,4,1
0,1,173,5,1
0,1,87,4,1
9,6,154,-3,1
3,1,180,-6,0
0,1,133,6,1
-1,2,137,5,1
-4,1,179,5,1
9,3,120,2,1
8,2,120,-3,1
8,1,175,-5,0
13,-2,116,1,0
5,2,135,5,1
5,2,142,5,1
0,1,179,5,1
-4,1,156,5,1
14,1,197,6,1
-1,2,147,6,1
8,1,106,-3,1
-3,1,145,5,1
11,2,172,5,0
4,1,128,5,0
6,-1,177,-3,0
6,1,200,11,0
6,-1,123,-3,0
3,2,139,5,1
6,2,174,7,1
-1,1,150,5,1
1,1,129,-6,0
-4,2,113,6,1
9,-4,68,-3,0
6,3,184,10,1
3,0,78,-5,0
-3,-1,150,-5,0
6,-1,127,-4,0
10,-3,109,4,0
8,4,122,-4,0
10,-6,108,-1,0
7,2,116,5,1
-3,0,110,5,1
7,3,194,6,1
4,1,154,-5,0
7,-4,121,6,0
-4,1,151,5,1
7,-1,177,-5,0
-4,1,196,5,1
10,0,161,-6,0
6,1,165,4,1
10,2,145,5,1
2,1,186,5,1
2,2,201,6,1
6,-3,165,0,0
6,-1,127,3,0
5,-1,115,-1,0
-1,1,173,5,1
10,1,125,4,1
-3,1,81,5,1
9,8,209,9,1
3,2,102,5,1
0,2,93,5,1
11,-7,105,1,0
3,0,177,-5,0
10,-1,140,6,1
-4,0,142,5,1
2,-2,86,-4,0
4,-3,49,0,0
11,2,111,0,0
10,1,173,5,1
7,1,83,5,1
9,8,162,-3,1
10,-3,120,-2,0
-4,1,141,5,1
9,4,139,-5,0
2,1,182,5,1
-1,1,175,4,1
9,2,112,2,0
-2,1,178,5,1
2,-2,72,4,0
-4,1,173,5,1
-2,1,156,5,1
0,1,153,5,1
-1,-3,125,-1,0
10,1,176,6,1
9,1,91,5,1
16,0,121,-1,0
-3,-2,105,-3,0
6,0,93,6,1
2,-2,98,-2,0
2,0,188,5,0
11,3,186,5,1
0,1,88,5,1
6,1,167,6,1
-1,1,103,6,1
7,3,184,11,1
2,-1,175,3,0
-1,0,112,4,0
5,-3,120,1,0
1,1,105,5,1
8,-3,158,-1,0
6,2,155,5,1
0,2,204,5,1
6,-1,142,-3,0
4,1,112,4,1
-1,-2,108,-2,0
-1,-1,138,1,0
4,1,85,2,0
5,-3,61,0,0
7,2,187,11,1
-1,-2,102,-1,0
5,1,159,5,1
7,1,156,-5,0
4,2,97,6,1
8,0,158,-3,0
11,1,151,6,1
8,-3,108,-4,0
6,0,138,-5,0
8,-2,144,1,0
6,1,95,-3,1
8,3,141,9,1
7,0,102,-2,1
5,-1,153,0,0
2,-1,182,2,0
0,1,172,6,1
-3,-1,184,2,0
-4,1,200,-6,0
-1,1,118,4,1
10,-4,133,5,0
-3,1,100,5,1
1,1,180,5,1
6,1,196,5,1
9,-2,56,3,0
12,-4,144,-1,0
8,-9,83,1,0
4,0,114,3,0
-2,0,73,-5,0
9,3,133,-2,1
11,-4,157,5,1
7,1,146,5,1
10,-6,57,-1,0
10,5,133,4,1
9,2,105,5,0
-2,-1,127,-5,0
14,1,186,6,1
5,1,149,8,1
6,0,152,-3,0
10,5,183,4,1
10,-4,111,-5,0
-3,0,168,4,0
-4,-1,154,-4,0
8,1,198,10,1
7,-2,139,-3,0
-1,2,112,6,1
-4,0,98,5,0
10,-7,75,3,0
-1,0,136,4,0
9,-13,49,1,0
4,-2,102,-1,0
1,-3,168,1,0
2,2,171,5,1
3,2,113,5,1
5,0,80,-1,0
7,2,112,-3,1
-4,1,128,5,1
0,2,206,5,1
7,3,117,4,1
7,2,96,5,1
0,1,144,-6,0
-3,1,165,4,1
10,6,145,4,1
-2,1,193,5,1
-2,0,166,-6,0
8,-2,153,-1,0
3,3,165,6,1
-4,-2,173,1,0
8,1,156,4,1
7,2,111,5,1
10,3,185,5,1
6,2,185,6,1
-4,0,157,5,0
4,-2,139,5,0
10,2,97,-4,0
2,-2,99,1,0
1,1,183,4,1
6,-1,107,-3,0
10,1,195,6,1
7,-1,184,-5,0
7,5,131,5,0
5,1,166,-5,0
5,0,166,-5,0
9,-6,75,-5,0
8,3,172,0,1
7,-6,110,7,0
7,1,107,-3,0
8,3,155,-3,1
1,0,72,2,0
-1,-2,118,2,0
16,0,88,-5,0
11,-2,137,-3,0
10,1,88,5,1
4,-1,62,3,0
10,-4,114,-2,0
15,1,193,9,1
6,0,105,2,0
5,0,195,7,0
8,-6,109,5,0
11,2,145,4,0
5,-2,120,-2,0
6,-2,132,-3,0
1,-1,133,-2,0
-2,1,189,5,1
9,-5,114,4,0
10,-7,110,5,1
2,1,161,4,1
12,1,135,3,0
6,2,180,8,1
1,1,175,3,0
11,0,84,5,1
0,1,119,6,1
16,0,154,-3,0
-1,2,146,5,1
13,3,146,-5,0
7,-2,171,-5,0
8,-5,76,4,0
-2,2,100,5,1
0,1,171,5,1
7,3,155,-3,1
6,4,160,4,1
16,-5,138,5,1
9,0,141,-2,0
9,7,159,-4,1
2,1,147,-5,0
15,1,165,6,1
1,0,108,3,0
-3,1,188,5,1
7,-2,165,0,0
0,1,119,4,1
-1,2,209,6,1
10,0,147,-5,0
-1,0,95,4,0
0,0,123,3,0
15,-1,168,7,0
-1,0,129,4,0
-2,1,102,-6,0
-3,-1,57,-4,0
9,5,122,-3,1
4,2,115,6,1
-3,-1,147,-4,0
-3,1,195,5,1
2,2,200,6,1
8,0,163,3,0
0,-1,153,-2,0
7,1,152,-6,0
-4,1,200,5,1
4,2,187,6,1
10,0,124,-2,0
16,-7,114,-1,0
6,1,200,10,1
5,-1,115,-1,0
-2,1,166,5,1
9,10,177,-6,0
7,4,141,-4,1
0,-1,181,1,0
-4,-1,71,4,0
8,3,139,5,1
-1,0,136,-5,0
5,2,164,7,1
11,1,146,5,1
-1,1,130,5,1
0,2,164,5,1
6,1,196,9,1
-2,1,154,5,1
3,2,165,5,1
2,1,106,5,1
10,1,192,5,1
8,5,130,-3,1
9,-1,93,0,0
11,-3,123,5,1
11,-11,84,-4,0
0,-2,81,1,0
-4,1,178,5,1
9,-4,150,3,0
-3,-1,64,-3,0
9,1,150,7,1
3,2,112,5,1
1,-2,132,-1,0
4,2,85,5,1
5,3,176,11,1
1,1,192,6,1
5,-2,152,2,0
-3,1,85,5,1
10,0,156,5,1
-2,1,140,5,1
-4,-3,51,0,0
8,2,182,6,1
9,-8,96,-2,0
4,2,142,6,1
-1,-2,137,1,0
8,-3,139,-1,0
4,1,174,7,1
10,1,139,5,0
6,2,179,6,1
0,1,132,4,1
16,-2,175,5,1
1,2,150,6,1
8,7,155,-4,0
12,0,79,6,0
2,-1,115,1,0
4,0,181,-4,0
2,0,87,-5,0
16,0,160,6,0
10,1,135,-5,0
-2,1,175,5,1
9,2,130,6,1
5,-5,136,8,0
-3,0,166,-6,0
10,2,164,2,0
10,-3,54,-3,0
-3,-1,168,-3,0
-2,-2,134,1,0
8,3,143,2,1
-3,1,184,5,0
11,-2,160,2,0
7,0,117,-3,1
5,2,196,10,1
15,1,164,6,1
11,1,92,1,0
9,-7,102,-3,0
9,2,112,-4,0
0,-2,81,1,0
-2,1,139,6,1
8,-7,70,2,0
0,-2,165,1,0
-4,0,113,-5,0
9,3,123,4,1
-1,-1,152,0,0
7,1,149,6,1
6,-1,90,-3,0
7,1,118,7,1
9,6,132,-3,1
8,-8,115,7,0
8,2,143,-2,1
2,2,111,5,1
6,-2,84,-3,0
1,1,127,5,1
9,-3,119,8,1
16,0,136,3,0
8,0,196,5,0
8,2,113,2,1
-3,1,196,5,0
14,1,200,6,1
-1,1,171,5,1
-1,1,191,4,0
-3,1,175,5,1
7,-3,124,-2,0
11,-7,124,3,0
8,-1,77,-3,0
-3,-1,145,-4,0
8,3,145,5,1
-4,-1,161,-2,0
14,1,179,5,1
8,-5,139,3,0
-3,-2,62,-1,0
6,-1,59,-2,0
1,-2,112,1,0
5,2,139,3,0
-2,1,143,5,1
3,2,158,6,1
-3,1,187,5,1
9,1,108,-2,1
-1,1,136,4,1
2,2,108,6,1
1,1,155,-6,0
6,2,120,-3,1
7,1,119,-6,0
7,1,164,7,1
3,2,171,6,1
3,2,169,6,1
2,1,188,4,1
4,-2,112,3,0
2,-2,126,1,0
6,-2,167,0,0
6,1,184,6,1
6,-2,135,0,0
8,3,113,-6,0
10,3,191,5,1
1,1,89,4,1
-3,0,139,5,0
7,3,115,-3,1
2,1,80,5,1
14,2,205,6,1
10,-6,89,0,0
-2,2,194,5,1
6,1,122,5,1
0,1,156,5,1
10,-11,61,-4,0
5,2,118,7,1
6,1,173,4,1
-2,0,73,-4,0
-3,1,89,5,1
7,-2,173,-5,0
-2,0,80,4,0
7,2,93,-3,1
-2,1,148,6,1
6,2,197,7,1
8,1,123,4,1
12,1,86,6,1
-2,1,83,5,1
11,-3,89,4,1
-2,-2,157,0,0
8,1,181,8,1
4,1,131,5,1
5,2,169,6,1
11,-6,94,5,1
10,-3,90,5,1
16,0,187,6,1
5,2,121,7,1
2,0,87,-4,0
4,3,96,4,1
7,1,135,-1,0
-4,1,156,5,1
8,0,187,7,1
8,-9,83,5,0
8,4,154,3,1
-4,-2,72,3,0
5,3,123,3,1
-2,-1,75,3,0
4,-2,139,0,0
7,2,155,3,1
2,1,123,4,1
-4,1,153,5,1
11,4,120,5,1
-3,-1,172,3,0
9,3,157,-3,1
4,-1,172,2,0
10,0,191,6,1
7,4,143,-2,1
2,0,127,4,0
0,1,165,5,1
11,-2,168,6,1
9,2,88,-5,0
7,-1,130,3,0
6,-1,109,-2,0
7,-2,151,3,0
-1,1,155,5,1
6,-1,114,-2,0
11,9,167,4,1
9,0,81,-2,1
9,3,187,5,1
4,0,128,-4,0
0,1,136,5,1
9,8,157,1,1
8,-8,80,0,0
3,1,110,-6,0
16,-2,120,4,1
-2,1,158,5,1
-3,-3,111,-2,0
0,1,183,5,1
7,1,111,7,1
-2,0,168,3,0
3,2,98,6,1
14,-3,102,-1,0
-4,-1,146,-3,0
-3,-1,159,3,0
2,2,189,7,1
9,1,151,-4,0
10,-2,91,5,1
7,0,130,-5,0
1,1,207,-6,0
10,-1,130,4,0
4,0,187,-3,0
2,2,156,5,1
8,2,190,4,1
11,4,174,7,1
6,-7,69,5,0
-1,1,187,-5,0
6,-1,130,3,0
16,0,194,8,1
6,-2,145,9,0
10,-2,116,5,1
3,2,151,3,0
10,-1,131,5,1
11,-2,93,-1,0
10,0,74,-4,0
7,2,93,6,1
7,2,142,5,1
1,2,206,5,1
5,1,139,-5,0
10,-1,129,-3,0
-1,1,91,5,1
6,2,198,5,1
4,0,146,8,1
-2,2,142,6,1
12,2,133,-3,1
-2,1,189,5,1
10,4,133,4,1
6,0,154,8,1
-4,1,165,5,1
5,2,145,5,1
-1,-1,164,-5,0
7,1,131,6,1
3,-1,142,4,0
1,-1,151,1,0
1,2,202,5,1
9,-2,107,0,0
15,10,213,11,1
6,3,179,-3,1
6,-6,138,1,0
5,2,200,5,1
5,-1,123,7,0
7,1,114,-2,1
11,-6,71,4,1
7,1,153,-3,1
4,2,200,6,1
6,-1,64,0,0
3,2,188,6,1
8,6,185,4,1
7,1,191,5,1
6,-3,95,3,0
4,0,170,3,0
-4,-2,115,0,0
11,10,186,5,1
2,0,133,-5,0
-4,-2,78,-4,0
10,4,130,-6,0
-2,-1,90,-4,0
8,1,180,5,1
5,-1,133,0,0
8,0,192,6,1
11,3,175,5,1
-3,1,168,6,1
0,1,99,4,1
6,2,110,-6,0
3,3,200,6,1
6,1,141,9,0
-3,1,144,5,1
-1,-1,180,2,0
-3,1,168,5,1
-3,-2,97,0,0
-2,-2,111,2,0
-3,1,91,5,1
3,1,187,-6,0
2,2,203,6,1
-3,-1,79,3,0
9,1,141,-3,0
10,1,103,-3,0
3,3,150,6,1
3,-2,64,-3,0
0,1,136,5,1
10,-3,76,5,1
6,-2,157,-4,0
0,0,78,-5,0
6,-1,182,4,0
6,0,72,-3,0
5,-2,128,1,0
1,-1,186,4,0
5,2,115,6,1
9,0,172,2,0
-3,1,136,5,1
2,2,158,5,1
1,-1,127,2,0
2,0,87,4,0
11,0,68,-6,0
6,1,96,5,1
-2,-1,173,2,0
0,1,116,5,1
4,1,179,8,1
1,-1,94,3,0
11,-4,131,4,1
5,2,98,1,0
4,-1,128,1,0
4,-1,84,3,0
4,2,127,5,1
9,3,104,-3,1
15,2,151,-4,0
2,-3,100,3,0
-2,-1,102,2,0
4,1,128,8,1
5,2,93,4,0
7,-1,66,-5,0
8,2,114,-2,1
0,2,87,5,1
-1,-2,68,-1,0
9,5,150,-5,0
8,-2,154,5,0
4,-11,19,2,0
-1,0,126,4,0
-2,1,106,5,1
9,-4,69,2,0
10,1,179,5,1
5,-2,151,2,0
3,1,91,5,1
-2,1,138,5,1
2,1,123,5,1
9,1,142,9,1
-3,0,92,-6,0
5,-1,115,-2,0
7,3,108,4,1
3,0,92,-4,0
-1,0,130,5,0
10,2,179,4,1
8,2,186,10,1
4,0,191,-4,0
3,-2,153,-3,0
4,-1,163,-3,0
1,1,191,4,1
5,0,169,-4,0
16,0,188,7,1
4,1,131,-5,0
5,-2,155,-2,0
2,2,102,5,1
-2,-2,173,-2,0
-3,1,101,5,1
-4,-1,128,3,0
-4,-2,110,-3,0
1,2,144,5,1
9,3,133,-4,0
3,-1,141,1,0
10,1,176,5,1
12,2,124,5,1
6,2,144,3,1
-1,1,131,4,1
5,2,185,6,1
-3,1,186,-6,0
8,1,102,-5,0
1,-2,136,1,0
-2,-2,178,0,0
-3,1,172,6,1
6,-2,63,-2,0
11,-5,112,-5,0
2,1,210,6,1
7,1,142,5,1
6,-1,83,-3,1
1,-1,178,-1,0
8,-1,186,-6,0
6,3,116,-3,0
16,6,131,-6,0
6,-1,121,-1,0
10,-6,129,-2,0
1,1,170,7,1
8,5,196,5,1
0,0,132,5,0
5,3,101,2,1
1,-2,104,2,0
1,-1,89,-3,0
3,2,165,6,1
6,1,100,5,1
0,1,89,6,1
15,1,152,6,1
10,6,129,-4,0
6,-1,158,7,0
-3,1,176,5,1
9,0,165,4,0
6,-2,115,2,0
0,2,122,5,1
-4,1,130,5,1
6,2,164,6,1
0,1,104,5,1
0,-1,145,2,0
11,4,121,5,1
9,4,146,1,1
7,3,183,5,1
11,-8,84,5,1
8,-1,166,-5,0
-2,-3,130,0,0
-3,1,136,5,1
7,-2,115,7,0
4,-1,140,-3,0
-2,1,92,-6,0
8,6,135,-3,1
4,2,126,4,1
-1,-2,158,-2,0
0,1,112,5,1
2,1,196,6,1
6,2,176,6,1
11,1,135,5,1
9,1,138,9,1
2,0,159,4,0
-1,-2,162,-2,0
2,1,96,5,1
1,2,180,6,1
2,2,163,6,1
-3,1,186,4,1
1,-2,99,1,0
13,-1,131,0,0
9,-9,60,-1,0
0,-2,113,1,0
10,3,137,6,1
-4,-1,139,-3,0
6,-6,132,9,0
11,3,124,5,1
6,0,175,-5,0
3,1,114,5,1
3,2,146,4,1
10,3,121,-5,0
-3,-1,128,-4,0
0,0,131,-6,0
4,1,161,4,1
-3,-2,136,-4,0
15,1,97,5,1
8,1,181,8,1
9,4,151,3,1
3,0,152,-5,0
1,2,151,6,1
10,0,95,6,1
3,2,131,6,1
11,9,199,4,1
1,1,148,4,1
-3,1,207,5,1
0,1,170,4,1
-3,2,179,5,1
-3,0,174,4,0
10,2,161,5,1
10,-3,109,5,1
10,-7,107,-1,0
2,2,191,6,1
9,4,131,-6,0
-3,-2,166,-3,0
9,1,158,-2,0
4,1,152,-6,0
7,2,182,8,1
4,1,191,5,1
4,1,196,-5,0
-4,1,81,5,1
1,-2,53,0,0
3,2,181,5,1
4,-1,108,3,0
9,2,148,4,1
-4,0,143,-6,0
11,1,180,6,1
0,1,128,5,1
0,0,148,-5,0
-4,2,175,6,1
7,2,133,-2,1
-1,-2,101,-3,0
7,1,180,10,1
-1,1,194,5,1
1,-2,97,0,0
14,0,182,5,0
7,1,160,4,1
-3,1,103,5,1
0,1,152,-6,0
7,1,173,-6,0
2,2,206,6,1
2,1,91,-6,0
-2,1,135,5,1
2,-1,166,-2,0
-2,-2,126,-3,0
-1,1,140,5,1
6,1,182,6,1
0,0,86,3,0
10,7,171,-2,0
-4,-1,61,2,0
0,1,160,5,1
15,-2,165,3,0
-3,1,165,6,1
4,2,89,5,1
-2,1,168,5,1
4,2,185,-5,0
3,0,162,-4,0
11,-1,147,4,0
6,2,102,4,1
3,-2,105,0,0
6,-3,88,5,0
9,9,190,4,1
6,1,129,4,1
8,-3,142,0,0
-2,1,160,4,1
7,-1,115,2,0
7,2,100,-1,1
6,-4,67,3,0
-4,0,137,-6,0
2,2,201,6,1
0,1,205,6,1
4,2,180,6,1
9,8,175,-3,1
7,0,176,-4,1
2,2,163,5,1
6,2,212,12,1
11,5,147,4,1
0,-1,107,3,0
10,11,201,5,1
8,2,211,10,1
9,-8,82,-1,0
11,4,193,5,1
6,1,129,-6,0
9,-3,119,6,1
9,2,135,-1,0
7,2,147,-6,0
-2,0,95,4,0
0,1,156,6,1
-4,1,185,6,1
8,2,123,-2,1
1,2,189,5,1
4,0,185,11,0
9,2,203,6,1
1,0,170,3,0
-3,2,201,5,1
1,1,191,5,1
0,-2,87,-3,0
-1,2,194,6,1
9,-3,135,1,0
9,-2,82,-2,0
11,-2,135,4,0
2,-2,153,-1,0
10,11,183,5,1
-3,1,160,5,1
-2,1,96,5,1
6,1,175,-4,1
10,8,185,4,1
6,1,120,7,1
3,2,172,7,1
-1,1,164,4,1
2,-1,155,-4,0
7,3,195,11,1
-2,2,159,6,1
6,0,140,9,1
4,0,112,-5,0
11,6,205,5,1
1,-1,105,3,0
3,2,133,6,1
6,1,148,3,1
6,0,178,3,0
2,1,151,5,1
8,-8,55,2,0
1,1,83,5,1
9,-11,59,2,0
2,1,85,5,1
3,-2,155,2,0
5,-3,82,-2,0
9,1,171,-5,0
2,1,130,6,1
8,1,196,5,1
6,-1,70,2,0
6,1,166,5,1
-1,1,79,5,1
5,-2,173,-1,0
-2,-2,114,0,0
16,0,203,4,1
-4,1,170,5,1
-1,0,93,-6,0
5,1,140,6,1
6,2,206,11,1
10,6,135,3,1
9,2,104,-3,1
-2,1,165,5,1
-3,1,85,5,1
1,-1,134,-4,0
3,1,90,6,1
1,-1,78,-3,0
10,2,199,7,1
6,-3,92,1,0
-1,1,80,6,1
16,0,139,1,1
-1,-2,170,1,0
2,1,102,6,1
7,3,162,-1,1
3,1,146,6,1
3,1,140,5,1
8,1,96,-2,1
-2,1,194,5,1
15,-1,127,-5,0
9,-4,49,0,0
11,-7,97,4,1
6,2,106,-5,0
-2,0,119,4,0
3,2,133,5,1
-1,1,145,4,1
-3,1,200,5,1
7,0,79,-2,0
-1,1,166,4,1
-3,1,133,5,1
7,1,113,5,1
2,-1,172,1,0
10,-2,116,-3,0
9,1,161,4,1
13,0,102,4,0
-2,1,153,5,1
4,2,145,6,1
6,-2,131,-4,0
6,3,178,8,1
0,1,119,5,0
6,1,169,7,1
6,1,80,-4,0
1,2,191,5,1
8,0,133,-3,1
9,-1,108,-5,0
6,-3,144,6,0
9,-1,93,0,0
15,2,114,0,1
1,1,139,5,1
8,2,150,8,1
11,-1,156,2,0
2,1,136,5,1
1,0,146,6,1
-3,-1,78,-3,0
3,2,105,4,1
-4,-1,124,2,0
3,2,196,5,1
3,2,130,5,1
6,3,174,6,1
16,4,121,5,1
10,-5,144,6,0
3,5,123,8,1
1,1,143,5,1
5,1,153,5,1
7,-5,130,3,0
2,-2,138,-3,0
0,1,188,5,1
5,-3,153,0,0
6,2,160,6,1
11,-4,93,0,0
-2,1,137,4,1
-2,1,98,4,0
8,5,184,3,1
10,5,140,-2,1
5,1,139,4,1
4,-2,134,-1,0
5,1,140,5,1
8,-2,57,0,0
-3,-2,119,2,0
16,0,133,4,1
-1,-1,151,-2,0
15,5,128,-1,1
1,1,182,4,1
6,2,110,1,1
4,0,89,-3,0
1,-1,86,-5,0
8,3,134,5,1
8,-5,141,1,0
-4,1,182,5,1
4,2,145,7,1
-3,1,149,5,1
5,2,151,4,1
7,1,165,7,1
-3,-3,60,0,0
6,1,80,3,0
6,1,109,-5,0
11,-3,126,5,1
1,-1,87,-4,0
-1,1,210,7,1
8,2,128,4,1
15,1,150,5,1
5,1,178,-5,0
6,0,150,-4,0
11,2,164,5,1
4,-1,109,2,0
9,5,168,-3,1
1,2,141,5,1
-2,2,164,5,1
2,-2,82,-2,0
-4,2,155,6,1
10,1,160,-5,0
-4,1,210,6,1
4,-1,113,2,0
10,2,177,-5,0
6,1,104,6,1
7,4,114,-3,1
-4,0,73,-5,0
3,2,140,5,1
8,-3,122,-1,0
7,1,141,8,1
10,2,115,-4,0
9,0,168,-3,0
6,1,154,4,1
9,-7,107,-1,0
-3,-1,151,1,0
7,2,136,1,1
16,0,61,0,0
5,-1,177,-5,0
-3,1,205,5,1
7,-7,105,7,0
16,0,157,-6,0
2,1,186,5,1
7,2,170,7,1
16,0,163,6,1
7,5,140,-2,1
2,-1,100,-3,0
11,4,128,-6,0
3,1,77,6,1
-4,0,113,4,1
8,1,166,9,1
7,3,101,5,1
8,2,148,5,1
9,0,169,-3,1
3,-2,154,-2,0
1,-2,105,1,0
4,2,167,6,1
8,0,157,4,1
8,-1,189,11,1
9,1,157,5,1
9,0,183,7,1
8,-1,130,3,0
5,-1,90,0,0
9,8,150,-4,0
-4,-2,106,-1,0
-2,-2,105,-3,0
11,-7,112,-2,0
7,2,100,3,0
-3,1,189,5,1
3,1,85,4,1
5,2,110,3,1
9,2,152,-6,0
-1,2,190,5,1
-3,2,129,6,1
10,4,139,4,1
2,-2,144,-2,0
-4,-1,157,-4,0
4,2,132,5,1
-2,1,126,5,1
6,2,154,8,1
9,-3,122,0,0
1,1,200,6,1
-4,1,110,5,1
4,-2,60,-1,0
3,1,111,5,1
9,1,180,5,1
-2,-2,106,1,0
8,2,161,3,1
11,-4,140,5,1
3,-2,75,-3,0
-4,1,121,6,1
1,1,206,6,1
4,1,179,11,1
4,1,114,4,1
8,5,145,-3,1
6,2,187,9,1
10,-1,191,6,1
8,1,131,8,1
8,0,181,7,1
-3,1,191,5,1
-3,0,183,-6,0
8,5,121,-3,1
-4,1,180,5,1
-3,1,100,6,1
-4,-2,142,1,0
1,-2,157,2,0
7,0,187,11,1
7,2,188,5,1
-4,-1,188,-5,0
8,0,137,4,0
9,5,145,-3,1
10,6,156,-5,0
1,0,164,2,0
0,0,103,-5,0
-1,0,71,-6,0
6,2,203,7,1
3,1,115,5,1
0,0,186,4,0
4,2,124,5,0
5,-3,129,1,0
-3,1,140,-6,0
8,-1,187,-6,0
11,0,150,5,1
0,-2,62,0,0
7,1,192,7,1
9,6,135,2,1
9,0,144,5,1
10,0,153,6,1
9,2,140,-3,1
10,1,165,5,1
6,0,96,6,0
4,1,109,5,1
3,-2,135,0,0
11,-3,117,-3,0
4,-2,108,0,0
8,2,194,5,1
9,6,196,5,1
-3,-2,93,0,0
1,-2,172,-2,0
8,1,178,7,1
5,1,191,10,1
-3,1,150,-6,0
10,-1,134,-4,0
13,-4,151,5,0
9,5,147,3,1
8,1,186,5,1
-3,-1,132,-4,0
8,1,136,6,1
9,-2,144,3,0
15,4,181,8,1
2,2,182,4,1
7,-2,106,-1,0
7,-1,136,-4,0
10,2,108,-2,0
-2,1,79,5,1
16,0,169,-2,0
8,3,141,8,1
9,-6,68,-4,0
-4,1,152,6,1
-1,-1,123,2,0
3,2,205,6,1
1,-2,81,-3,0
13,-4,154,6,0
0,1,171,5,1
3,2,130,6,1
5,3,198,10,1
6,3,180,-3,0
7,1,103,1,1
1,-1,171,-1,0
-3,1,184,6,1
6,3,98,-2,1
-2,1,105,4,1
8,-1,170,-2,0
7,2,206,11,1
1,-3,77,-1,0
4,1,173,4,1
7,-2,145,4,0
8,2,172,11,1
12,1,120,4,0
9,-9,97,2,0
-2,2,115,6,1
2,1,142,-6,0
6,0,82,-3,0
4,-1,186,4,0
4,2,204,6,1
1,2,202,6,1
11,9,159,6,1
0,1,146,5,1
9,-2,139,-1,0
4,-2,163,-1,0
-1,1,152,5,1
1,1,141,5,1
-3,-1,155,-4,0
-1,1,95,5,1
5,2,146,10,1
8,3,126,3,1
-3,1,181,5,1
0,0,170,-5,0
-4,-2,173,-3,0
9,3,104,-2,1
4,-4,154,2,0
7,4,129,-3,1
-4,1,102,5,1
11,1,180,5,1
-3,1,120,5,1
3,2,176,5,1
3,2,99,5,1
2,0,190,-5,0
5,-1,153,-2,0
5,-2,161,-2,0
-3,1,96,5,0
12,-2,150,2,0
0,-2,113,1,0
0,-1,131,1,0
-1,-1,111,-4,0
9,5,164,3,0
8,-1,145,-3,1
7,4,197,10,1
-1,0,71,-6,0
15,2,97,-2,0
-1,-2,138,2,0
-4,1,80,5,1
-1,1,204,6,1
8,-1,140,-5,0
1,-2,104,-1,0
10,0,90,-6,0
4,1,93,6,1
5,0,150,1,0
2,2,188,6,1
5,0,162,8,0
5,0,75,-4,0
16,0,102,-1,0
10,3,163,-2,1
5,-1,85,-1,0
11,-1,75,-6,0
0,1,154,5,1
4,3,125,4,1
4,2,95,2,1
3,-1,149,-1,0
4,1,177,6,1
9,-6,96,-3,0
9,-11,83,1,0
-2,1,112,5,1
10,11,186,-6,0
11,5,141,6,1
9,-4,125,-1,0
16,0,193,7,1
0,1,175,5,1
6,3,193,10,1
11,-4,77,2,0
0,0,145,-6,0
9,-1,155,5,0
3,2,102,6,1
9,-1,128,-3,0
2,-1,103,1,0
4,1,166,6,1
5,0,185,10,1
5,-2,78,-2,0
3,3,191,6,1
16,2,129,4,1
6,2,199,9,1
3,1,201,6,1
-3,1,156,5,1
1,2,189,6,1
11,-4,67,3,0
3,-4,106,-1,0
2,-1,154,-3,0
11,1,85,5,1
2,-1,133,-2,0
4,0,165,4,0
9,2,109,-2,1
0,-1,57,1,0
1,1,181,5,1
7,-3,111,1,0
-2,1,203,6,1
6,2,142,6,1
10,1,146,5,1
11,3,157,-1,0
2,2,111,5,1
9,3,163,-3,1
4,2,129,5,1
-3,1,189,-6,0
0,0,147,2,0
4,2,183,5,1
6,2,188,5,1
5,1,150,-6,0
-3,-1,139,-3,0
2,1,181,4,1
-1,1,202,5,1
5,2,167,5,1
-2,1,90,5,1
10,1,99,-4,0
9,3,174,5,1
9,-1,96,3,0
10,2,110,-5,0
-4,1,81,5,1
16,0,143,5,1
5,1,106,0,0
11,-2,160,-4,0
10,1,175,5,1
5,2,100,-3,1
6,1,194,5,1
4,2,163,6,1
-3,1,101,4,1
0,-1,91,0,0
3,-1,85,3,0
9,-7,84,3,0
-2,0,192,-6,0
0,-2,90,-4,0
7,-10,96,6,0
5,-2,173,1,0
0,-2,138,0,0
9,0,153,-2,0
-4,2,124,6,1
-3,-2,150,0,0
-2,0,84,4,0
3,0,111,-4,0
0,2,94,5,1
6,0,112,-3,0
4,-1,67,1,0
3,1,95,5,1
0,1,84,5,1
0,0,113,4,0
-2,-2,171,-2,0
-4,2,185,6,1
9,1,92,5,1
7,0,164,-5,0
16,0,143,4,1
-3,0,149,-6,0
10,0,78,4,0
2,-2,171,2,0
6,1,101,5,1
11,-3,153,5,1
-1,-1,166,2,0
9,1,162,-2,0
9,-1,131,-2,0
-4,0,94,5,1
-2,-1,150,-3,0
1,0,192,3,0
-3,1,196,5,1
2,1,185,-5,0
0,-2,89,2,0
10,7,192,4,1
0,2,140,5,1
8,-10,37,0,0
16,0,149,5,1
11,-3,147,4,0
-3,-2,98,-1,0
6,2,213,9,1
11,-8,103,-5,0
11,-7,119,-1,0
-1,-1,113,3,0
6,1,169,6,1
4,-2,54,2,0
-1,-1,130,-3,0
7,0,153,6,1
8,2,202,9,1
9,3,155,4,1
1,-1,62,-4,0
11,0,172,5,0
1,2,149,3,1
2,1,168,6,1
7,0,138,4,0
5,-1,95,-4,0
16,-2,131,2,0
-1,2,136,6,1
7,-1,148,-4,0
8,1,191,9,1
12,-2,163,0,0
-3,1,173,5,1
1,2,100,5,1
8,4,182,3,0
6,1,83,5,0
7,2,109,6,1
4,2,131,4,1
4,2,105,6,1
8,-4,74,3,0
0,0,98,-5,0
5,2,191,11,1
16,0,179,5,1
0,-1,72,-4,0
3,2,206,-6,0
-3,1,127,5,1
10,2,199,6,1
0,1,204,5,1
7,1,149,6,1
-1,2,103,5,1
2,1,196,6,1
8,3,112,2,0
7,-2,100,6,0
9,1,136,5,1
1,1,91,4,1
4,2,181,6,1
9,1,166,-6,0
8,-3,146,0,0
8,2,107,0,0
-1,-1,118,1,0
9,-1,114,-2,0
-4,2,101,6,1
6,1,146,3,1
7,2,152,5,1
11,-11,56,-3,0
2,-1,186,-3,0
9,5,145,2,1
3,-2,66,-3,0
-1,1,84,5,1
9,-2,160,3,0
10,2,121,5,1
4,1,121,3,0
-3,-2,158,-2,0
8,1,90,-3,1
2,0,89,2,0
2,-1,159,-2,0
2,1,111,5,1
2,-1,106,-3,0
3,-2,87,1,0
-4,1,125,5,1
11,9,168,5,1
6,1,95,-4,1
12,-2,62,-1,0
1,-1,142,1,0
1,0,148,-4,0
2,1,138,2,0
11,-1,81,-6,0
0,1,84,-6,0
8,-2,122,0,0
3,1,203,5,1
-1,-2,129,-1,0
-1,2,167,5,1
-4,0,93,5,0
-2,-2,69,0,0
10,9,183,3,1
-4,-2,149,-3,0
9,4,120,-1,0
7,1,95,-6,0
4,2,138,5,1
6,1,136,8,1
5,-2,102,2,0
7,-7,109,1,0
4,-1,167,-2,0
0,1,143,4,0
-2,-1,61,-2,0
3,-2,132,-2,0
9,-6,99,3,0
7,4,172,10,1
9,1,144,7,1
0,-1,58,1,0
9,4,107,-4,0
9,1,162,-2,0
10,5,120,5,1
8,0,131,-2,1
4,2,193,11,1
-1,1,185,4,1
0,-1,167,-4,0
8,2,111,2,1
0,1,118,5,1
-3,0,76,4,0
1,-2,163,-2,0
4,-2,82,2,0
0,1,99,5,1
10,4,197,5,1
6,-2,77,-3,0
11,-4,141,5,1
-2,-2,164,2,0
3,1,177,-6,0
-2,-1,119,-4,0
14,0,78,5,1
-3,0,112,-5,0
2,3,139,6,1
6,1,167,5,1
7,1,93,5,1
5,2,158,7,1
14,2,102,-3,0
5,1,171,8,1
9,-1,133,6,1
-3,0,107,-4,0
-1,1,88,4,1
11,0,85,4,0
3,1,151,5,1
-4,-2,146,-3,0
1,1,154,5,1
10,4,132,5,1
3,2,148,6,1
-2,1,168,5,1
-3,-2,140,3,0
0,2,93,5,1
-2,0,171,3,0
6,-2,112,5,0
0,-1,72,2,0
-2,1,127,5,1
16,0,201,7,1
1,0,179,3,0
13,5,162,-4,1
4,-2,150,2,0
-3,-2,169,-4,0
6,2,143,5,1
0,-2,55,0,0
1,-1,180,0,0
0,1,83,4,1
0,-1,167,-1,0
4,0,77,-5,0
3,2,98,5,1
10,-2,66,-5,0
10,0,168,-6,0
-2,1,139,5,1
8,3,142,2,1
-3,1,100,-6,0
3,1,173,-5,0
8,-4,143,6,0
-3,1,167,5,1
-1,-1,72,3,0
4,1,96,3,1
7,1,93,-3,0
-3,-1,131,-5,0
7,2,130,-3,1
9,-5,133,5,0
8,6,131,-3,0
6,1,85,-5,0
-1,-1,122,-3,0
16,-1,124,-6,0
2,1,148,6,1
-1,-2,117,0,0
-3,2,172,5,1
3,1,83,7,1
9,-5,138,1,0
10,-3,127,5,1
8,2,171,-5,0
10,-6,112,0,0
3,0,150,3,0
6,1,131,-5,0
0,-2,77,-3,0
-3,2,98,5,1
-1,-2,166,-1,0
10,1,180,5,1
10,11,188,4,1
4,1,108,5,1
2,2,174,6,1
8,0,74,5,1
0,-1,133,3,0
2,0,148,3,0
3,2,191,6,1
8,-1,177,-3,0
9,10,179,5,1
10,0,148,-6,0
-4,1,199,6,1
0,-2,108,1,0
3,2,155,5,0
3,2,91,4,1
1,-1,167,-4,0
-4,1,87,5,1
5,1,142,4,1
3,-2,174,-1,0
4,1,168,6,1
-1,-1,59,3,0
0,1,102,5,1
11,4,134,4,0
-2,1,188,5,0
-3,-2,133,-2,0
1,2,182,6,1
3,-1,61,-3,0
10,3,159,1,0
3,2,204,6,1
3,2,134,5,1
12,2,151,3,0
-3,1,191,4,1
-4,-1,171,-3,0
4,2,181,6,1
5,3,214,10,1
10,6,132,-2,0
10,2,194,7,1
6,2,201,6,1
1,-2,159,2,0
8,3,104,-3,1
4,0,190,6,1
2,-1,90,-2,0
10,-1,131,5,1
5,1,147,8,1
5,2,188,11,1
-2,1,107,3,1
3,2,144,4,1
-2,1,147,5,1
7,2,206,5,1
11,-5,128,5,1
0,-2,75,-2,0
13,-2,115,1,0
-1,1,176,5,1
4,1,177,5,1
16,0,69,1,1
4,1,133,5,1
3,2,166,5,1
3,2,97,5,1
-3,-2,131,-1,0
0,-2,77,0,0
10,2,147,5,1
14,2,96,0,1
11,6,170,5,1
8,-5,62,-1,0
16,0,158,7,1
1,1,208,5,1
-2,-1,182,-5,0
0,0,80,5,1
8,1,122,4,1
1,0,173,-5,0
-4,0,73,-6,0
3,1,188,4,0
0,1,189,4,0
-3,1,165,5,1
9,4,164,-5,0
-3,1,192,5,1
6,-1,154,-2,0
1,1,173,5,1
8,-1,90,3,0
10,-4,62,-2,0
-3,0,159,4,0
9,-1,113,5,0
-4,0,112,5,1
5,1,153,9,1
8,2,98,-2,1
-2,1,111,6,1
13,-2,134,-2,0
3,-2,110,2,0
3,1,115,6,1
11,-5,138,4,0
2,-1,174,-2,0
-4,1,177,5,1
1,1,149,6,1
4,0,116,3,0
4,1,150,5,1
3,2,184,4,1
5,2,149,9,1
10,3,171,5,1
14,1,195,6,1
11,1,136,5,1
3,1,200,9,1
-3,-2,167,-1,0
6,1,192,8,1
-4,1,83,5,1
10,-1,109,-1,0
1,-1,178,-5,0
7,-5,116,2,0
-1,1,181,5,1
7,-2,84,0,0
-4,-3,143,-2,0
11,-4,128,5,0
-3,-2,78,0,0
8,-12,63,1,0
11,-4,132,1,0
-2,1,192,5,1
-3,-1,178,4,0
2,-2,111,0,0
10,8,172,3,1
3,2,170,5,1
11,2,116,5,1
1,1,118,5,1
-1,1,178,5,1
8,-3,111,-2,0
3,1,136,3,0
7,2,158,5,1
-4,-1,64,2,0
16,0,178,5,1
11,1,116,-5,0
-4,1,198,5,1
4,2,184,5,1
4,1,142,5,0
2,-1,108,0,0
3,-1,176,-4,0
10,-2,59,3,0
10,8,147,-6,0
5,2,151,10,1
-2,-1,166,-4,0
9,-2,145,8,0
2,2,163,5,1
-3,1,137,5,1
-3,0,121,-5,0
-1,0,161,-4,0
9,7,167,0,1
9,2,157,5,1
9,4,178,5,1
6,-1,65,1,0
2,0,93,6,0
4,1,92,5,1
4,-1,66,0,0
9,1,140,5,1
6,0,175,-5,0
-4,1,203,5,1
-3,1,159,5,1
10,6,140,-3,1
8,1,92,5,1
6,1,154,5,1
11,3,113,5,1
5,-3,147,0,0
9,2,169,5,1
-3,1,91,5,1
1,0,184,3,0
-4,-1,149,-3,0
9,2,142,-3,0
2,2,200,5,1
-2,1,200,5,1
10,7,144,5,1
-1,1,154,4,1
9,-12,50,0,0
-4,-2,156,2,0
10,-5,80,4,0
-4,2,205,6,1
2,1,157,5,0
-4,-1,154,3,0
7,-2,133,-3,0
0,1,106,5,1
8,8,148,1,1
-4,-2,175,-2,0
-2,1,93,5,1
1,1,163,4,0
5,-1,172,2,0
0,2,202,6,1
-4,-2,130,2,0
0,1,184,5,1
0,0,172,3,0
14,1,131,-3,0
6,-1,178,-3,0
14,-5,88,0,0
11,2,106,4,1
-2,1,154,5,1
-4,-2,170,1,0
-3,1,186,5,1
5,1,143,9,1
2,2,201,5,1
4,2,180,9,1
8,0,158,10,1
5,-1,91,2,0
1,-1,135,-3,0
2,2,199,5,1
10,-1,57,1,0
-2,-2,159,-1,0
6,-3,137,1,0
-3,-2,60,-2,0
-3,1,124,5,1
0,1,153,6,1
4,1,141,4,1
6,1,183,11,0
-2,-2,141,-1,0
10,-1,127,1,0
-2,1,196,5,1
9,-2,129,2,0
7,2,100,-6,0
11,2,118,-2,0
-2,1,134,5,1
1,2,86,5,1
-1,0,147,5,0
2,2,152,6,1
-3,-2,107,-3,0
7,1,136,5,0
6,-1,76,-5,0
5,1,200,11,1
1,0,119,-6,0
5,2,209,6,1
9,-1,111,7,0
5,2,205,6,1
-2,1,151,6,1
6,0,192,-6,0
6,2,112,5,1
7,-2,107,7,0
1,1,188,5,0
7,-4,115,5,0
-2,0,84,5,0
-2,0,85,4,0
2,2,170,6,1
10,1,194,5,1
6,0,106,1,0
4,-2,59,0,0
13,1,173,5,1
10,1,156,5,1
-1,1,77,5,1
4,1,143,5,1
14,2,209,7,1
10,-2,172,5,1
0,1,168,6,1
2,-3,102,0,0
0,0,122,-5,0
1,2,176,5,1
9,-1,107,-5,0
2,2,184,5,1
-2,-1,82,-3,0
11,0,115,5,1
-2,0,169,-5,0
7,0,99,-4,0
7,2,138,-2,1
6,-3,149,0,0
6,-1,178,-3,0
6,0,147,-1,0
7,0,172,10,1
8,2,112,3,1
-1,1,84,4,1
0,-1,163,2,0
11,-5,123,4,1
2,2,101,5,1
3,0,189,-5,0
-1,-2,148,-1,0
9,-3,170,5,1
-1,0,142,-6,0
6,5,130,-3,1
6,0,145,-4,0
3,2,174,4,1
-2,0,184,-5,0
11,5,184,4,1
6,-1,121,-2,0
-1,-2,51,1,0
2,2,169,5,1
-1,1,181,5,1
9,7,175,2,1
-2,1,149,5,1
-1,-1,81,-5,0
0,-2,76,0,0
1,2,174,6,1
10,6,131,-4,0
6,3,184,8,1
10,2,153,1,0
5,2,138,6,1
1,1,178,5,1
2,1,198,5,1
11,1,103,4,1
10,4,165,5,1
7,2,137,8,1
1,0,128,4,0
4,1,177,10,1
1,-1,134,3,0
9,0,76,-5,0
-4,-1,182,-4,0
-4,1,205,5,1
5,-1,157,9,0
5,0,149,-4,0
11,-6,81,-5,0
-2,1,148,5,1
0,2,185,6,1
-3,1,176,5,1
-4,-1,174,-4,0
-1,1,115,-6,0
6,-1,153,3,0
7,-5,112,5,0
-3,1,203,5,1
11,5,131,5,1
7,1,151,-4,1
10,-1,127,4,0
9,2,205,5,1
-2,1,199,5,1
3,1,203,6,1
7,1,188,10,1
2,1,180,5,1
3,2,110,6,1
8,4,183,5,1
11,-7,112,2,0
6,-2,71,1,0
5,0,102,4,0
0,-2,79,0,0
6,1,186,8,1
-4,1,167,5,1
11,1,104,5,1
-3,1,142,5,1
0,1,194,5,1
4,1,94,6,1
3,-2,119,0,0
1,1,195,5,1
2,1,153,5,1
8,2,198,6,1
0,1,122,5,1
7,-3,156,-4,0
-2,-1,167,-2,0
10,10,175,-5,0
10,5,134,5,1
2,1,207,5,1
-1,1,94,-6,0
7,2,106,4,1
0,-2,163,2,0
0,2,157,4,1
1,-1,66,1,0
16,0,156,-4,1
4,2,202,11,1
-3,1,115,-6,0
7,-1,86,-4,1
6,-1,134,-2,0
8,-1,110,0,0
-2,-2,164,1,0
16,0,119,-2,0
1,1,208,5,1
3,-2,107,-1,0
-1,-2,90,-3,0
-2,-2,97,-2,0
-1,-2,125,0,0
-3,-2,124,2,0
11,1,116,-3,0
1,1,78,5,1
11,-1,114,-5,0
-2,-2,154,-3,0
9,-1,139,8,0
2,1,137,6,1
-4,0,147,-5,0
4,2,103,2,1
10,9,182,4,1
2,1,151,5,1
11,2,157,5,1
-1,-1,122,3,0
-3,1,201,5,1
1,2,176,5,1
5,1,130,7,1
7,4,114,2,1
6,1,184,-6,0
0,0,166,2,0
4,1,178,5,1
10,8,150,2,1
5,-1,113,0,0
4,-2,136,1,0
11,1,162,5,0
6,-1,155,0,0
0,1,91,4,1
8,3,168,10,1
-2,1,198,5,1
9,-3,115,-5,0
1,-2,98,-1,0
8,2,154,2,1
6,0,170,5,0
4,2,97,5,1
-4,-2,80,0,0
-1,-2,157,-1,0
4,2,93,6,1
1,-1,109,-3,0
4,1,142,5,1
9,-1,180,-6,0
6,1,168,4,1
-2,2,111,5,1
-4,-2,78,-2,0
11,-8,65,0,0
-2,0,138,4,0
-1,-2,58,1,0
0,1,139,5,1
-3,-2,155,0,0
7,-3,84,0,0
3,3,125,4,1
-1,-1,98,-4,0
-4,-2,96,-2,0
16,0,176,7,1
-4,0,128,5,0
10,-2,77,5,1
8,3,103,-2,1
4,-3,41,-3,0
4,0,153,1,0
2,-2,172,1,0
4,-1,135,3,0
0,1,194,5,1
7,3,147,3,1
3,1,155,-6,0
-1,2,92,5,1
-3,1,139,5,1
7,3,107,4,1
-1,1,127,5,0
5,2,144,3,1
-2,-1,76,3,0
10,9,162,4,1
6,3,121,-3,0
10,5,130,3,1
-4,1,100,5,1
1,1,127,6,1
8,2,158,-4,1
10,4,161,4,1
16,0,110,-4,0
-4,-2,115,1,0
16,0,132,-5,0
9,-2,165,-3,0
0,-1,168,-4,0
6,-1,148,-5,0
4,2,154,9,1
11,1,113,5,1
0,1,175,5,1
3,-2,178,2,0
-1,0,124,2,0
3,-2,108,-3,0
5,-3,145,0,0
-2,2,103,5,1
2,-1,64,0,0
5,-1,160,-2,0
6,1,201,5,0
8,-4,95,3,0
-3,1,141,5,1
-1,1,85,4,1
8,2,135,5,1
11,2,102,-4,0
0,-1,64,-3,0
0,1,79,4,1
0,-1,86,2,0
-2,-1,70,2,0
7,3,117,2,0
1,-1,67,-2,0
-2,1,80,5,0
3,1,188,6,1
7,3,191,11,1
10,2,103,-4,0
12,-3,41,0,0
11,-3,114,3,0
7,-1,73,-3,0
-2,1,126,6,1
5,-6,110,6,0
6,1,175,9,1
0,-2,169,-1,0
0,0,174,5,0
8,-1,111,0,0
-3,1,136,5,1
1,2,137,6,1
9,8,154,-3,1
8,1,201,6,1
6,3,119,2,1
-3,-3,154,0,0
-4,1,147,6,1
-3,1,174,5,1
4,1,85,-5,0
-3,-1,165,-4,0
-1,1,115,5,1
6,-2,71,-5,0
9,-4,122,7,0
4,2,114,6,1
-2,-1,169,-4,0
10,-3,55,-3,0
-2,2,197,5,1
7,3,106,5,1
1,2,163,4,1
8,4,136,-2,1
7,-1,110,-3,0
11,6,148,2,0
8,0,114,6,0
1,1,196,5,1
1,1,192,6,1
11,0,188,5,1
-4,-2,107,0,0
-2,-1,146,2,0
7,0,99,-3,1
9,10,182,3,1
-3,1,80,5,0
6,0,76,0,0
11,-7,62,4,0
4,-3,131,-1,0
7,2,169,6,1
4,1,137,-6,0
0,1,138,4,1
-1,0,90,3,0
10,2,99,-4,0
-2,1,164,5,1
-4,1,84,5,1
7,-1,154,2,0
10,2,143,-1,0
2,2,138,5,1
2,1,102,4,1
8,-2,82,-4,0
-1,0,68,3,0
4,3,172,9,1
0,1,123,5,1
8,2,121,7,1
7,6,144,-2,1
-1,1,120,4,1
2,1,144,6,1
4,2,187,11,1
7,3,150,2,0
-4,1,173,5,1
8,2,180,5,1
8,0,178,7,1
5,0,96,2,0
-4,0,186,-5,0
-4,1,116,5,1
7,3,137,-5,0
-1,-2,129,0,0
10,6,177,5,1
9,6,131,-2,1
16,0,125,5,1
11,-2,57,0,0
4,1,136,6,1
10,-2,90,5,1
10,-5,146,-5,0
3,2,185,5,1
6,1,171,9,1
1,1,130,5,1
-1,1,203,6,1
9,3,150,-1,1
10,-1,66,3,0
1,-1,134,0,0
10,-4,114,-1,0
-2,0,183,-5,0
11,1,93,-6,0
0,0,70,4,0
1,1,144,-6,0
-3,1,153,5,1
3,-1,153,1,0
1,1,172,4,1
15,4,121,-3,1
3,-1,61,-2,0
0,0,92,4,0
4,1,102,5,1
8,3,138,-2,1
15,1,176,4,1
2,-2,109,-2,0
-2,2,96,5,1
0,-2,135,2,0
6,1,96,-4,0
-2,-1,142,-3,0
1,0,158,5,1
-4,1,171,6,1
4,3,132,5,1
0,1,150,4,1
10,0,140,5,1
-3,-1,134,3,0
-2,2,178,5,1
7,-3,148,3,0
5,0,188,-5,0
-2,1,195,5,1
-2,1,101,5,1
4,0,102,-4,0
10,3,189,5,1
5,-2,111,2,0
0,-1,107,3,0
1,0,185,-5,0
4,-1,92,1,0
1,2,103,-6,0
7,5,141,-2,0
7,3,107,-3,1
10,8,174,3,1
7,-2,103,-2,0
-1,1,113,-6,0
15,2,165,4,1
11,-1,166,4,0
4,1,132,4,0
10,-2,144,1,0
0,-1,141,1,0
2,-1,174,-3,0
11,-1,104,4,0
4,1,150,6,1
9,0,103,5,1
8,1,122,-6,0
4,2,212,6,1
15,1,146,6,1
4,-1,106,3,0
2,0,106,-4,0
11,-3,151,4,1
10,-1,80,6,1
6,-2,100,0,0
5,-2,79,0,0
-4,-2,169,0,0
3,1,174,5,1
9,3,165,5,1
-4,0,149,4,0
1,1,113,5,1
5,2,204,6,1
15,0,163,6,1
3,2,100,5,1
2,3,186,6,1
2,2,110,7,1
4,-1,84,-1,0
-4,0,86,5,1
2,2,186,-6,0
3,2,112,7,1
7,3,127,-5,0
5,2,88,-3,1
6,2,182,-5,0
-4,-1,148,-4,0
9,1,176,-5,0
-2,1,95,4,1
1,-1,114,3,0
-3,0,82,-5,0
12,1,155,2,1
11,-8,52,-4,0
-4,-2,99,-2,0
5,-1,133,-4,0
7,1,90,-6,0
11,8,152,5,1
3,2,144,7,1
11,-1,178,1,0
11,1,169,5,1
9,-6,115,5,0
2,-1,177,-4,0
4,-2,165,-2,0
9,1,106,-2,0
-2,0,160,-5,0
1,2,91,4,1
1,-2,166,0,0
2,0,169,-5,0
14,1,183,-6,0
4,1,163,3,0
1,1,182,6,1
11,-1,122,3,0
-4,-2,160,1,0
3,2,175,6,1
1,-1,86,2,0
10,7,161,4,1
10,0,164,5,1
-1,1,104,5,1
5,2,95,5,1
0,-2,134,0,0
2,2,112,5,1
9,0,145,0,0
7,-1,158,-4,0
-4,0,177,4,0
5,3,109,-4,0
5,1,179,6,0
12,-1,63,-2,0
3,1,188,5,1
-1,1,184,5,1
3,-1,161,3,0
7,5,131,-4,1
-1,2,92,5,1
1,1,151,5,1
11,-3,96,5,1
-3,1,167,5,1
-2,1,111,5,0
8,1,97,-3,0
0,0,68,3,0
-1,0,172,4,0
10,5,171,4,1
-1,0,75,3,0
4,2,188,12,1
9,-7,110,1,0
11,-12,68,1,0
0,0,145,-6,0
5,2,210,9,1
1,-2,125,-2,0
8,3,98,-2,1
2,-1,181,1,0
-2,1,182,5,1
4,1,163,6,1
6,-3,163,6,0
5,-2,167,1,0
7,0,133,2,0
9,-7,100,-2,0
8,2,199,6,1
-1,0,167,-5,0
4,3,182,9,1
-2,0,138,4,0
-4,1,86,5,1
5,1,185,9,0
6,2,199,11,1
10,4,197,5,1
4,-2,113,3,0
4,2,194,6,1
-4,1,136,5,1
-3,-2,91,1,0
-1,2,121,5,1
9,-2,167,-2,0
4,1,169,5,1
10,-1,145,-4,0
4,0,91,3,0
5,2,173,9,1
10,3,113,5,1
6,0,70,-2,0
7,-1,113,0,0
-2,-1,185,-3,0
-1,1,188,5,1
6,0,195,-6,0
16,0,106,-1,0
5,1,117,4,1
-1,1,157,4,0
0,2,206,6,1
11,-6,119,4,0
1,-1,135,-5,0
5,0,119,5,0
-2,1,86,6,1
0,-1,100,2,0
10,-4,96,5,1
1,0,146,3,0
5,-1,179,-5,0
9,-5,137,5,1
10,5,124,-2,1
3,-4,91,0,0
7,3,129,-4,0
4,-2,87,-2,0
8,2,90,-5,0
-3,0,172,4,0
4,2,111,5,1
1,1,136,5,1
10,-5,138,4,1
6,3,114,-3,1
6,1,134,9,1
10,2,135,3,0
-2,-2,155,1,0
7,1,184,7,0
9,3,138,6,1
9,-10,85,1,0
0,-1,118,2,0
6,-1,112,-4,0
5,0,121,-5,0
-1,-1,156,-1,0
10,-2,102,5,1
-1,-2,167,1,0
4,-3,131,-1,0
6,1,86,5,1
-3,1,120,5,1
2,2,95,5,1
5,-1,158,-3,0
4,-2,154,3,0
9,-5,136,1,0
0,2,189,5,1
10,8,196,5,1
8,0,125,8,1
10,1,102,-2,0
-1,-1,144,1,0
5,1,202,-6,0
10,-1,142,-1,0
2,-1,101,3,0
-1,-1,179,-4,0
0,-2,62,2,0
9,-10,79,3,0
-2,1,97,5,0
9,-1,176,-4,0
11,4,174,2,0
5,1,207,10,1
5,1,112,-6,0
4,2,158,5,1
10,3,116,5,1
7,2,197,5,1
4,0,133,2,0
0,1,146,6,1
-2,1,92,5,1
3,-2,55,-3,0
8,0,137,-3,1
9,-2,52,-1,0
6,3,119,8,1
6,-6,141,2,0
9,6,182,4,1
1,-2,83,-2,0
7,5,137,5,1
6,0,79,-3,0
-1,-1,175,-3,0
10,6,143,5,1
1,1,159,6,1
7,2,162,9,1
-1,0,141,3,0
6,1,138,-4,0
-1,0,128,-6,0
-4,1,143,5,1
-3,1,152,4,0
-4,1,183,6,1
8,-6,121,2,0
11,0,172,5,1
4,-2,120,0,0
4,2,167,6,1
3,1,165,7,0
11,9,195,5,1
5,0,155,-3,0
2,1,175,5,1
9,-5,95,-1,0
8,1,104,1,0
3,2,125,5,1
6,2,169,10,1
14,2,97,4,1
8,7,141,-3,1
9,4,173,3,1
2,1,152,5,1
7,1,173,5,1
4,1,85,7,1
4,2,190,6,1
13,1,86,4,1
6,0,140,-5,0
-1,-1,105,-4,0
5,2,96,5,1
1,-1,129,3,0
3,-2,146,-2,0
10,2,112,3,0
7,-5,114,2,0
-3,-1,120,-4,0
5,2,183,5,1
-1,-1,71,2,0
-3,1,191,6,1
8,-6,133,5,0
3,2,104,6,1
2,2,171,6,1
7,4,118,4,1
-3,-2,123,2,0
0,1,93,5,1
10,8,157,-3,0
7,0,69,-3,1
-4,-2,50,0,0
6,-2,124,-1,0
0,0,75,4,0
3,2,135,5,1
2,1,194,-5,0
1,-2,67,1,0
2,1,142,4,1
5,0,152,9,1
11,-7,62,3,0
3,2,203,6,1
10,5,135,5,1
6,5,117,-2,1
0,-2,81,-1,0
-2,1,132,5,0
8,4,163,-3,1
4,2,182,6,1
7,-9,49,2,0
-4,1,150,5,1
-4,-3,109,-1,0
-2,0,119,-4,0
14,0,76,-6,0
0,-2,155,-2,0
8,1,198,6,1
4,1,203,6,1
0,1,189,3,0
-2,1,124,5,1
16,-3,109,5,1
5,2,190,6,1
3,2,171,5,1
0,1,172,5,1
5,0,127,-2,0
0,-1,139,3,0
7,3,171,10,1
3,-1,89,-1,0
1,-2,110,-1,0
9,1,90,4,0
-1,1,167,5,1
2,-3,139,-1,0
9,4,182,5,1
8,-4,143,3,0
5,0,179,7,1
7,-1,84,5,0
4,1,195,6,1
4,1,186,6,1
6,0,76,0,0
9,-2,134,5,1
-3,1,171,5,1
-2,1,166,5,1
4,1,156,7,1
1,1,182,6,1
6,1,83,-4,0
-2,-2,67,-2,0
10,3,157,-6,0
1,-1,184,-3,0
0,-1,66,-4,0
5,1,186,6,1
-2,-3,124,0,0
3,3,107,3,1
-4,-1,187,3,0
5,-2,147,6,0
5,2,144,5,1
5,2,114,4,1
7,1,131,3,1
6,0,125,-3,1
-4,-2,145,-2,0
-3,1,99,5,1
-3,1,180,6,1
10,8,160,5,1
1,-1,120,-4,0
-3,1,183,5,0
11,11,182,6,1
7,-5,121,4,0
3,2,116,5,1
11,-7,56,-5,0
4,1,89,5,1
10,-4,137,2,0
-3,0,81,-4,0
9,-6,74,-2,0
-1,-1,140,1,0
1,0,104,4,0
10,1,133,-5,0
3,2,195,6,1
-1,1,160,5,1
-4,1,164,6,1
-3,1,153,5,1
-2,1,91,5,1
-1,1,160,4,1
3,2,209,6,1
-2,-2,106,-2,0
6,-5,115,7,0
3,2,204,5,1
-2,1,92,5,1
0,1,80,6,1
5,0,73,3,0
6,-4,100,4,0
3,1,105,4,0
5,4,214,10,1
8,-3,41,2,0
4,-1,105,-3,0
1,1,162,4,1
7,2,142,5,1
-2,1,184,6,1
11,5,179,5,1
3,-3,125,-1,0
3,1,150,6,1
-2,-1,146,-4,0
5,0,140,5,1
6,1,186,6,1
11,1,142,5,1
-1,-2,93,2,0
4,1,160,4,1
10,3,112,5,1
16,1,82,-5,0
-2,-1,91,-3,0
-3,1,91,5,1
9,6,168,3,1
-2,-2,131,1,0
0,1,147,6,1
3,2,184,4,1
2,2,124,7,1
10,9,182,3,1
1,-1,125,-4,0
7,6,150,-3,1
10,-8,60,-4,0
9,0,182,4,0
-1,-2,153,1,0
0,1,187,4,1
7,-4,109,4,0
2,1,142,6,1
6,2,120,5,1
-1,0,163,-4,0
5,-4,139,-2,0
8,2,169,6,1
4,1,82,3,0
5,2,152,6,1
7,-2,167,2,0
5,1,115,7,1
-1,-2,55,-1,0
5,2,212,6,1
9,1,90,5,0
-2,1,121,-6,0
13,1,91,5,1
-1,-1,67,3,0
0,1,176,5,1
2,1,149,5,1
-1,-3,125,-2,0
6,2,145,6,1
-3,2,177,5,1
0,1,107,5,1
7,2,107,-3,1
3,2,115,6,1
5,1,153,6,1
2,0,175,-5,0
8,1,201,11,1
0,-1,147,-3,0
6,-3,41,0,0
-1,2,198,4,1
4,1,202,6,1
1,-2,51,3,0
2,2,159,5,1
-3,1,158,4,1
7,1,139,-5,0
4,-1,160,-2,0
5,2,189,11,1
-2,0,85,4,0
4,0,131,-5,0
-4,2,189,5,1
7,3,155,-3,1
-2,-1,123,-3,0
2,1,96,5,1
9,3,144,4,1
2,2,156,6,1
10,-1,122,-3,0
7,2,100,5,1
-3,1,156,6,1
2,-2,121,1,0
11,2,99,4,1
3,-1,78,-2,0
6,1,99,4,1
7,1,94,4,1
1,1,85,4,1
7,3,159,9,1
2,2,199,5,1
1,1,188,-6,0
-3,-1,144,-4,0
1,0,181,-5,0
2,2,107,5,1
2,1,106,6,1
-3,-1,75,-4,0
16,-2,116,1,0
-3,-2,131,2,0
0,2,182,5,1
4,1,169,-5,0
3,-2,70,0,0
5,1,187,9,1
8,-3,147,8,0
6,1,179,6,1
4,-3,120,0,0
0,-2,151,-3,0
5,2,104,7,1
-3,1,99,5,1
6,2,142,5,1
9,3,145,5,1
-2,-1,112,-4,0
4,-4,49,0,0
1,1,151,-6,0
-4,1,90,5,1
-2,2,165,6,1
6,-1,174,-2,0
9,2,98,5,1
7,-1,124,-1,0
3,1,159,6,1
4,-2,51,-1,0
2,-1,79,0,0
3,0,167,4,0
-3,1,142,5,1
-4,0,111,4,0
2,0,157,4,0
16,0,153,-3,0
6,1,85,5,1
-1,1,118,5,1
6,1,120,5,0
16,0,115,-4,0
16,0,115,4,1
12,2,127,5,1
6,1,111,4,1
5,1,109,2,0
1,-1,142,-1,0
1,-1,86,-5,0
1,2,207,6,1
5,-2,125,-2,0
11,5,137,5,1
6,1,147,-5,0
7,0,104,4,0
1,1,170,4,1
-4,-1,140,2,0
-1,-1,145,-3,0
11,2,155,5,1
10,-1,94,5,1
7,2,110,3,1
-3,1,83,5,0
1,1,135,5,1
10,2,186,5,1
8,3,129,-2,1
0,-2,81,-4,0
-2,-2,124,-3,0
7,-4,105,4,0
-4,0,129,4,0
2,-1,165,3,0
0,1,139,5,1
-1,1,122,5,1
11,1,115,4,0
-3,1,103,5,1
16,-2,168,7,1
0,1,87,5,1
11,-2,151,1,0
10,-2,162,-3,0
2,2,133,4,1
2,2,177,6,1
10,2,146,5,1
9,2,107,-1,0
3,1,197,5,1
2,2,129,7,1
4,-2,154,0,0
1,1,99,4,1
-3,1,146,6,1
-1,-2,68,0,0
2,-1,124,-4,0
11,-2,98,-2,0
3,2,133,5,1
9,3,128,3,1
-4,1,106,5,1
11,-6,81,2,0
8,5,128,-3,1
3,1,83,5,1
-4,1,163,5,1
-3,1,92,5,1
1,1,92,5,1
4,1,155,5,1
7,2,182,5,1
9,8,172,2,1
-2,1,162,-6,0
-2,-1,98,2,0
7,-1,161,-3,1
2,0,69,-5,0
8,5,124,-5,0
-3,-2,129,-2,0
2,1,92,5,1
-3,1,137,5,0
8,3,107,-4,0
4,-2,119,-1,0
7,0,79,-2,1
-1,1,203,7,1
11,1,148,6,1
-4,1,144,5,1
6,-5,120,6,0
7,2,181,5,1
3,1,83,3,0
2,2,147,6,1
9,-8,115,4,0
7,0,131,0,0
-2,-2,131,2,0
3,1,191,5,1
9,8,169,-5,0
9,-1,69,3,1
7,0,102,-6,0
-2,1,137,5,1
-4,-2,93,-1,0
9,3,127,3,1
11,6,163,-5,0
-3,1,127,5,1
-1,-2,153,1,0
-4,1,179,5,1
5,2,148,8,1
-2,1,176,5,1
7,4,119,-6,0
-1,1,128,5,1
6,2,162,10,1
1,1,124,5,1
1,-1,151,-3,0
0,0,98,-6,0
10,0,130,4,0
11,6,184,5,1
16,0,151,4,1
2,-1,130,2,0
8,3,110,-3,1
16,0,127,4,0
2,-1,150,-4,0
4,2,136,6,1
13,2,90,-4,1
10,2,156,0,0
6,2,156,8,1
9,-11,62,4,0
8,0,136,5,1
10,-3,142,5,1
4,-2,112,-3,0
0,1,164,4,1
0,-2,64,0,0
5,-3,133,9,0
11,1,155,6,1
-2,-1,148,2,0
9,1,79,1,0
7,2,206,11,1
9,1,90,-2,0
15,-1,178,5,1
-4,0,97,5,1
9,1,169,-4,0
8,8,160,2,1
2,1,161,6,1
2,0,145,-5,0
7,-1,114,-4,0
11,3,150,4,1
3,2,140,6,1
-3,-2,127,-1,0
7,1,152,-4,0
0,-1,111,2,0
-1,1,97,4,1
9,-9,107,-2,0
-2,1,177,5,1
8,3,141,-2,1
5,1,197,5,0
10,-7,75,-4,0
9,2,141,-3,0
6,1,126,8,0
16,0,139,6,1
16,0,172,5,1
5,1,198,5,1
4,1,102,3,1
-1,1,94,5,1
-4,-2,175,2,0
-2,1,79,4,1
0,-2,158,-1,0
1,0,88,2,0
8,0,122,-5,0
6,-2,173,-2,0
10,2,125,5,1
6,2,154,5,1
8,-2,142,0,0
2,-1,74,-3,0
11,-1,124,-5,0
5,4,168,11,1
10,-4,141,5,1
9,1,181,5,1
9,5,133,-1,1
9,-9,54,1,0
11,6,164,4,1
-2,1,92,5,1
-1,1,132,5,1
-4,1,208,5,1
-3,-1,171,-4,0
2,-2,84,-3,0
2,1,94,5,1
9,1,118,-3,1
-2,-1,148,-3,0
9,-9,47,0,0
9,-2,69,-1,0
8,1,114,5,1
-1,-2,65,1,0
9,-2,115,6,1
-2,1,113,5,1
-2,1,125,4,1
4,-1,124,-3,0
8,0,87,-4,0
8,5,137,-3,1
5,0,150,0,0
-2,0,148,4,0
11,-7,99,5,1
-1,-3,116,0,0
6,-4,128,8,0
0,1,179,5,1
4,3,158,5,1
15,-3,160,2,0
6,1,159,6,1
15,0,173,3,0
7,0,108,-3,1
4,2,181,5,1
9,3,166,3,1
5,-2,94,-3,0
-1,0,192,5,1
8,1,76,4,1
9,1,161,6,1
7,2,191,6,1
-1,-2,63,0,0
-3,-1,146,-4,0
6,-1,63,0,0
1,2,191,5,1
-1,1,131,3,1
-3,-2,74,1,0
9,2,87,-2,0
-4,-2,142,-1,0
0,1,112,5,1
16,0,171,6,1
8,1,189,6,1
-3,1,191,5,1
7,-9,102,4,0
3,3,97,4,1
-3,-2,148,-2,0
10,2,91,5,1
16,-4,150,-1,0
3,1,178,5,1
4,-2,128,-2,0
3,-1,133,-1,0
8,1,152,5,1
8,1,169,7,1
1,-1,127,-3,0
9,6,153,-6,0
10,3,160,4,0
5,2,171,8,1
1,2,162,6,1
-1,1,115,5,1
8,3,181,10,1
-3,-2,171,0,0
1,-1,158,0,0
-2,0,93,-5,0
8,-3,153,2,0
-1,-2,82,2,0
8,2,139,-2,1
-1,-2,64,2,0
4,-3,86,-1,0
15,-2,171,3,0
4,1,163,6,1
8,4,138,4,1
8,-6,111,1,0
10,-2,96,-1,0
-4,0,81,4,0
7,1,207,10,1
7,-3,143,-2,0
-4,-1,162,3,0
7,3,203,11,1
7,-1,99,0,0
3,2,169,-5,0
16,0,116,2,0
-4,-2,100,0,0
5,0,148,1,0
-3,-1,177,-3,0
9,1,117,6,1
1,-1,123,-3,0
14,1,75,3,1
16,0,136,4,1
7,-2,168,0,0
3,2,192,6,1
4,-1,161,4,0
7,0,92,-3,1
-3,-2,54,2,0
16,0,178,7,1
8,-9,92,1,0
1,0,149,2,0
2,1,102,5,1
12,1,94,0,0
11,2,159,6,1
-4,1,117,5,1
4,1,187,10,1
6,1,179,5,1
-2,-2,77,-1,0
-3,1,104,5,1
4,4,134,7,1
8,1,182,7,1
3,2,200,6,1
-2,1,119,5,1
8,-2,142,0,0
9,0,159,5,1
-4,1,140,5,1
5,-2,73,-3,0
9,5,169,4,1
-1,1,145,5,1
4,-1,142,3,0
5,1,140,5,1
11,6,194,6,1
11,1,150,5,1
8,1,148,-6,0
-1,-2,176,0,0
8,6,181,-3,1
-2,1,91,-6,0
16,1,167,-6,0
0,2,178,5,1
2,2,142,5,1
-2,-2,98,2,0
0,-1,166,3,0
11,1,141,6,1
4,1,76,5,1
15,2,172,5,1
15,4,107,-3,1
10,6,172,3,1
-3,1,182,5,1
0,1,95,3,1
1,1,198,6,1
0,1,89,5,1
1,-2,170,-3,0
10,5,139,-1,0
10,1,173,5,1
4,-1,134,-4,0
9,-2,69,-1,0
4,2,121,4,1
5,1,156,4,1
10,5,170,5,1
2,1,189,6,1
-1,2,197,6,1
6,-2,90,-1,0
9,7,152,2,1
1,-1,148,-1,0
16,-2,169,-5,0
3,-1,99,-3,0
1,1,92,5,1
3,2,99,5,1
8,0,181,5,0
11,4,183,-4,0
-4,0,145,5,1
-2,-1,136,2,0
10,2,176,4,1
7,2,152,1,1
5,2,186,8,1
14,4,114,-1,1
2,1,101,5,1
5,1,208,12,1
10,4,171,5,1
8,-1,157,3,0
-2,1,141,4,1
8,1,154,5,1
-3,-2,164,0,0
11,-8,68,-5,0
8,5,154,-3,1
8,2,123,-5,0
1,-1,148,-4,0
0,1,86,5,1
-1,1,134,4,0
5,2,124,6,1
6,2,147,10,0
-1,1,157,5,0
13,2,100,5,1
10,1,109,-5,0
5,1,204,6,1
4,1,111,-5,0
10,-3,85,5,1
10,-2,111,-2,0
1,2,191,6,1
4,1,130,4,1
2,2,96,7,1
1,-3,145,-1,0
3,-2,52,2,0
3,-1,67,-1,0
3,1,166,-6,0
3,2,126,5,1
16,-1,99,3,0
-3,1,186,5,0
-3,-2,169,-1,0
6,2,159,6,1
6,2,136,8,1
0,0,117,3,0
7,2,158,-3,1
8,1,161,9,0
1,0,78,-4,0
14,1,189,5,1
9,-5,123,1,0
1,-1,115,2,0
10,1,103,-5,0
3,2,168,9,1
5,1,199,7,1
3,-1,133,2,0
7,2,124,-2,1
-2,2,157,6,1
2,-1,157,-3,0
9,1,90,5,1
10,2,165,5,1
7,1,91,4,0
-2,1,111,5,1
9,3,168,4,0
7,-1,165,4,0
11,-1,170,5,1
-2,1,190,4,1
10,6,190,5,1
-1,1,133,5,1
7,-3,136,-1,0
6,2,172,9,1
0,-3,128,0,0
10,6,161,0,1
-3,2,191,5,1
9,4,149,4,1
-1,-1,102,-5,0
16,3,142,-3,1
-1,1,201,5,1
12,0,139,5,1
6,1,186,6,1
4,3,117,6,1
6,-2,79,-2,0
16,0,148,5,1
4,-1,140,-1,0
4,-1,69,2,0
0,2,189,6,1
8,-4,73,3,0
5,2,210,11,1
8,1,133,-3,1
-1,1,112,4,1
6,1,93,-3,1
4,0,187,5,1
-3,1,198,5,1
16,-9,79,1,0
9,-2,164,-1,0
6,0,97,-4,0
9,-1,78,-4,0
-3,0,116,-5,0
11,2,198,5,1
9,2,102,3,0
-4,-2,91,0,0
8,-3,104,2,0
11,0,133,5,1
-1,2,165,4,1
3,-1,124,-4,0
-2,1,203,5,1
11,11,184,4,1
6,2,169,6,1
4,1,145,9,0
9,2,119,0,0
8,2,143,6,1
12,1,195,6,1
10,-10,45,0,0
3,2,88,5,1
-2,1,148,5,1
6,1,155,5,1
3,2,107,5,1
-3,-2,51,-3,0
7,1,136,7,1
14,6,152,5,1
3,0,143,-6,0
2,2,206,5,1
-3,-1,87,3,0
0,-1,178,3,0
-1,2,102,6,1
6,0,83,4,1
9,0,78,5,1
-2,1,165,5,1
1,-3,43,-1,0
-3,1,185,5,1
3,0,125,-6,0
16,0,142,-5,0
1,-2,96,0,0
9,0,127,2,1
2,2,99,6,1
7,1,176,5,0
8,1,167,6,1
15,2,155,5,1
-3,1,132,5,1
3,-1,144,3,0
7,1,193,7,1
16,0,92,2,0
16,-2,166,4,1
13,-1,108,3,0
2,-1,138,3,0
5,0,181,-5,0
8,1,121,-3,1
-2,-2,94,-3,0
7,-1,157,1,0
-1,1,169,5,1
0,0,105,2,0
-1,0,164,3,0
9,-1,139,-2,0
1,1,174,5,1
9,6,144,3,1
0,1,128,5,1
-2,-1,148,3,0
9,-7,68,-2,0
7,0,195,-5,0
2,2,192,7,1
7,4,199,9,1
5,2,194,12,1
10,-7,104,5,1
8,2,131,-4,0
0,1,136,5,1
8,-5,101,3,0
-2,2,95,5,1
-1,1,203,5,1
4,1,127,-6,0
-4,-3,158,0,0
8,3,116,3,0
3,2,158,6,1
5,0,195,-6,0
5,-1,168,-2,0
8,2,105,6,1
8,4,133,-4,0
-1,1,116,5,1
4,-2,160,0,0
3,1,159,8,0
10,6,184,5,1
-2,0,89,-6,0
1,0,105,-6,0
1,-1,112,2,0
3,2,211,5,1
-2,1,161,5,1
9,2,159,2,0
7,1,185,8,1
3,1,89,-5,0
7,2,171,10,1
-4,0,165,4,0
2,2,159,6,1
2,0,77,4,0
9,9,180,3,0
8,2,211,6,1
5,-1,86,-1,0
11,1,210,6,1
-4,0,92,4,0
-4,1,190,-6,0
-3,-2,174,-1,0
0,2,145,5,1
10,-6,75,2,0
6,0,131,2,0
4,-2,139,1,0
8,2,171,5,1
0,1,110,5,1
3,1,138,6,1
6,2,108,6,1
6,-1,180,-5,0
5,0,71,5,1
-2,1,203,5,1
6,3,191,5,1
7,8,158,2,1
8,2,146,-3,1
3,2,162,5,1
7,1,158,3,1
9,9,180,2,1
-4,-1,157,3,0
10,6,134,5,1
1,-1,79,1,0
4,2,106,4,1
15,-3,159,3,0
7,0,76,4,0
0,-1,56,0,0
-2,1,133,5,1
15,-7,63,6,0
10,-2,144,6,1
2,2,173,4,1
11,0,174,5,1
11,-9,86,5,1
-2,2,193,5,1
10,3,164,2,0
3,2,197,5,1
-3,1,104,5,1
15,-2,113,-2,0
7,0,74,-6,0
7,5,132,-3,1
9,3,182,5,1
4,-1,105,2,0
2,1,203,6,1
6,-1,156,-5,0
-4,-2,93,-1,0
5,-2,91,6,0
10,2,146,5,1
-3,0,177,-6,0
-2,2,184,6,1
9,-1,84,-2,0
-3,1,160,5,1
11,3,150,-4,0
-2,1,191,5,1
-2,1,94,4,1
3,1,187,5,0
3,1,129,5,1
5,0,170,-5,0
-1,-2,174,2,0
11,1,86,4,1
8,2,95,-3,0
8,-2,49,-3,0
8,2,174,10,1
9,-2,143,-3,0
5,1,194,6,1
-3,-2,92,1,0
-1,-1,107,0,0
3,1,110,-5,0
10,-3,111,5,1
1,-1,183,2,0
3,1,116,-6,0
-1,1,120,5,1
6,0,112,-4,0
-2,1,153,5,1
8,7,156,-3,1
2,-1,165,1,0
7,1,197,6,1
8,2,116,-3,1
8,-3,50,-3,0
2,2,199,6,0
4,0,132,2,0
5,-2,144,3,0
11,6,193,5,1
0,2,196,6,1
11,6,158,5,1
0,-2,118,0,0
9,-4,82,3,0
9,0,118,-3,0
0,1,103,5,1
2,1,119,-6,0
0,1,95,6,1
-1,1,104,5,1
3,-1,145,2,0
7,6,207,11,1
5,0,69,3,0
-4,0,157,-6,0
3,-3,37,0,0
10,1,100,5,1
-1,1,152,5,1
11,4,112,5,1
-3,1,157,5,1
9,3,158,6,1
10,-2,52,0,0
0,1,131,4,1
11,-1,83,4,1
6,-1,60,-2,0
-3,0,157,4,0
6,0,93,6,0
10,-5,91,4,0
0,2,130,5,1
8,4,123,1,1
-4,-2,163,2,0
2,2,183,5,1
8,2,141,-3,0
0,-1,115,1,0
4,2,95,4,1
3,1,133,5,1
0,1,95,4,1
10,-2,83,0,0
3,-1,74,2,0
9,3,119,-3,1
16,0,141,3,1
3,2,119,5,1
7,-2,144,1,0
-4,1,109,5,1
15,1,160,4,1
8,-1,123,-4,0
1,1,165,5,1
0,-1,160,-3,0
10,7,156,2,0
4,3,163,10,1
4,0,151,-4,0
-3,-2,97,1,0
-4,-1,150,-4,0
9,0,140,-4,0
0,-2,142,0,0
8,3,99,2,1
2,0,74,-4,0
2,1,106,-6,0
3,1,204,5,1
10,-10,66,-2,0
8,1,102,-1,1
-2,2,207,6,1
9,1,168,3,1
-3,-1,79,-4,0
1,-2,83,2,0
5,-2,102,0,0
10,-6,82,-1,0
9,4,107,-3,0
6,1,168,8,1
10,-4,77,3,0
4,-3,65,0,0
-4,1,200,5,1
5,1,93,4,1
1,2,148,4,1
-2,-2,98,1,0
11,7,159,4,1
5,-1,177,-6,0
9,-2,140,-4,0
-1,1,171,5,1
4,1,180,5,1
3,0,163,-5,0
10,-1,95,5,1
6,2,162,9,1
-3,1,186,5,1
2,2,185,7,0
11,-2,55,-1,0
0,-3,114,0,0
5,-1,87,0,0
-3,-1,156,2,0
5,-1,81,-3,0
11,-6,88,3,0
-2,1,151,5,1
15,-1,169,3,0
9,-1,119,8,0
7,3,140,8,1
5,-2,135,-2,0
0,1,161,5,1
3,-2,64,-1,0
2,-1,137,1,0
7,0,127,4,0
3,1,85,4,1
6,2,187,11,1
11,-12,72,-3,0
11,-11,75,3,0
-4,-3,137,0,0
-1,1,79,5,1
7,1,205,11,1
10,3,138,0,0
5,0,160,4,0
6,-4,93,3,0
10,-2,96,4,1
2,2,103,4,1
2,-1,156,0,0
3,-1,164,3,0
4,2,149,5,1
7,2,173,4,1
10,2,161,-4,0
3,1,118,5,1
-2,1,180,5,1
5,0,192,-6,0
6,2,100,-3,1
0,-1,178,-3,0
2,2,170,6,1
10,-2,83,-5,0
-4,-2,164,1,0
-1,1,160,5,1
-1,1,201,5,1
0,-2,63,-2,0
11,-3,96,5,1
8,2,117,-3,1
13,-1,140,-2,0
7,-4,89,2,0
-1,1,154,5,1
9,2,104,-4,0
-2,0,139,-6,0
-1,-1,85,2,0
9,-2,136,4,0
4,1,136,5,1
-2,-1,176,3,0
6,1,189,5,1
0,-3,146,0,0
8,1,134,8,1
3,1,205,5,1
-2,1,94,5,1
10,-3,126,5,1
10,2,188,5,1
-3,1,99,6,1
11,-3,124,5,0
8,1,97,-6,0
11,-3,124,0,0
7,2,135,6,1
3,1,105,-5,0
3,1,176,3,0
-4,-2,168,0,0
9,-1,75,-2,0
3,2,202,6,1
4,2,145,4,1
8,1,119,-3,1
3,-2,163,1,0
14,-1,134,-3,0
1,1,90,5,1
1,0,168,3,0
1,-1,65,-2,0
3,-2,60,-1,0
3,2,128,6,1
16,0,106,3,1
13,2,167,7,1
-4,-2,47,1,0
10,3,198,5,1
-1,-1,130,2,0
9,2,144,-5,0
1,1,159,5,1
6,-6,86,1,0
3,1,128,3,0
-2,-1,86,-4,0
5,-1,150,7,0
-4,1,207,6,1
4,2,111,-4,1
4,0,90,-4,0
4,3,175,5,1
-1,1,130,5,1
10,5,176,4,1
-3,-2,150,0,0
6,1,171,6,1
10,8,174,2,1
6,-1,68,-4,0
-2,-1,74,-4,0
3,-1,130,2,0
12,-3,158,0,0
0,-1,59,2,0
6,-2,65,-3,0
4,1,159,-6,0
3,2,136,5,1
0,-2,61,1,0
0,-2,139,-1,0
3,2,173,4,1
0,-2,137,-1,0
8,-1,60,-5,0
-3,1,179,5,1
0,1,84,-6,0
-2,2,112,5,1
-1,0,190,-5,0
7,0,72,-2,0
-1,-1,171,-4,0
6,2,161,6,1
12,1,129,5,1
-1,2,98,5,1
5,2,163,8,1
6,-3,88,1,0
1,-2,162,-1,0
9,-4,114,-4,0
7,1,93,-2,1
-2,2,126,5,1
8,5,141,0,1
16,0,95,4,1
5,2,179,5,1
4,0,176,-5,0
7,2,162,9,1
16,0,153,-2,0
2,1,151,6,1
6,-2,100,1,0
0,1,118,5,0
-4,-2,59,-2,0
-2,-1,141,-4,0
7,1,192,5,0
9,0,197,5,1
6,1,107,7,1
-2,-1,121,3,0
6,2,129,8,1
4,-3,147,1,0
0,-1,92,1,0
10,-2,93,-6,0
6,1,158,6,1
6,-3,91,-2,0
8,-1,68,4,0
3,1,108,5,1
-3,0,80,5,1
-4,-2,103,-3,0
-3,0,86,-5,0
9,9,159,-3,1
-1,-3,116,-1,0
-3,1,157,5,1
-4,-3,62,-1,0
7,2,140,-3,1
8,0,106,0,0
3,-1,139,-1,0
5,2,190,9,1
0,-1,151,-2,0
4,-2,53,-2,0
8,3,121,2,1
6,-3,114,2,0
-1,1,166,5,1
0,-1,137,3,0
5,2,158,5,1
8,2,129,5,1
-2,1,143,-6,0
2,1,137,5,1
8,6,152,-3,1
-2,-2,106,-3,0
0,1,139,5,1
-4,0,64,3,0
2,1,168,5,1
10,-2,117,5,1
9,-1,71,-4,0
-3,1,183,6,1
0,-2,53,1,0
2,1,156,6,1
6,-4,124,0,0
1,1,184,5,1
9,-6,95,-2,0
-3,-2,157,1,0
-3,0,170,-5,0
10,2,106,-2,1
0,-1,149,4,0
9,5,166,1,0
7,-4,92,6,0
1,-3,148,-2,0
-1,0,107,-5,0
6,-1,102,0,0
8,-2,128,5,0
8,3,182,5,1
-1,-2,141,2,0
5,-2,142,0,0
10,3,120,5,1
11,-11,67,-5,0
10,-6,115,3,0
8,1,102,-2,1
15,2,184,8,1
0,1,105,4,0
-4,1,202,-6,0
0,-2,176,2,0
13,2,124,4,1
-1,-1,115,3,0
10,-7,80,4,0
2,0,100,4,0
2,2,206,6,1
7,1,140,8,1
5,1,175,-5,0
4,-2,119,0,0
7,2,118,-5,0
11,4,133,5,1
-1,-2,166,-1,0
6,-2,98,-1,0
3,-1,128,4,0
4,0,108,4,0
4,1,181,-2,0
4,-1,163,-2,0
11,-6,114,5,1
4,-1,187,-4,0
6,-1,118,-4,0
5,1,84,6,1
5,-2,103,1,0
10,2,116,-2,0
15,-3,51,2,0
2,-1,58,-3,0
7,2,199,10,1
4,1,165,5,1
-1,2,147,6,1
8,-5,91,5,0
1,-3,111,-1,0
2,2,170,6,1
1,-2,77,-3,0
9,1,175,5,1
-4,1,125,5,1
11,0,142,7,1
-4,1,170,5,1
1,2,151,5,1
8,-2,67,1,0
6,1,162,6,0
10,-2,55,1,0
9,2,147,-2,0
1,1,136,-5,0
3,1,144,5,1
-3,1,132,5,1
11,7,147,4,1
3,-2,144,0,0
10,-6,133,0,0
4,2,200,9,1
10,-9,103,5,0
2,1,167,5,0
2,2,144,-6,0
1,1,85,4,1
3,-1,107,-3,0
-1,-1,143,3,0
5,-1,128,0,0
2,-1,130,-4,0
5,0,125,3,0
5,1,86,4,1
1,1,136,5,1
4,0,156,-4,0
5,3,104,7,1
1,1,196,5,1
6,2,198,5,1
-2,1,172,4,0
16,0,184,8,1
-1,-1,133,-2,0
0,1,161,5,1
9,5,164,3,1
-2,1,170,5,1
-2,1,171,5,1
3,2,118,5,1
1,1,142,5,1
9,1,99,7,1
9,-6,112,2,0
4,1,122,4,0
6,2,107,-3,1
11,4,126,2,0
2,-1,114,-3,0
3,2,98,5,1
6,1,101,6,0
16,1,145,4,1
-3,-2,151,1,0
9,-1,140,5,0
-3,0,83,5,1
3,1,134,5,1
11,-3,152,-2,0
0,1,148,5,1
9,3,153,5,1
5,1,111,7,0
6,-2,132,6,0
-3,1,163,6,1
12,2,137,5,1
15,1,76,-2,1
-4,1,82,5,1
0,1,99,4,1
8,5,176,4,1
1,-1,114,-3,0
3,-1,158,1,0
-2,-1,148,3,0
7,4,121,-2,1
-2,1,165,5,0
1,2,150,6,1
9,-4,110,4,0
8,1,163,0,1
0,-1,79,3,0
11,2,117,-6,0
2,-2,136,2,0
3,-1,158,-1,0
-2,1,175,5,1
9,0,78,4,0
7,-1,117,-2,0
0,-3,61,-1,0
1,1,163,4,1
-1,1,129,5,1
1,0,128,-6,0
6,-1,130,-5,0
3,1,130,-6,0
9,2,100,5,1
4,2,174,8,1
6,-2,96,-1,0
9,-1,69,3,0
1,0,185,4,0
8,-6,127,2,0
8,0,199,9,1
-2,-1,163,2,0
5,1,106,0,0
15,1,178,5,1
2,2,149,6,1
8,0,77,-2,1
-1,1,141,5,1
11,-4,79,-3,0
0,1,131,4,1
10,5,150,4,1
-1,1,121,5,1
1,1,147,5,1
8,-8,54,2,0
10,5,169,5,1
11,10,193,4,1
4,-1,95,-3,0
3,1,187,6,1
7,0,166,-5,0
7,0,179,7,1
7,2,214,12,1
-1,1,198,5,1
8,2,106,3,0
4,-1,65,-1,0
-2,1,159,4,1
15,1,191,9,1
5,-2,93,0,0
7,2,142,3,1
13,0,126,-1,0
-3,1,116,6,1
5,0,167,9,0
6,1,121,6,1
7,2,101,-6,0
2,1,151,5,1
-4,0,87,5,1
4,2,113,4,1
5,-4,131,-3,0
-3,1,195,5,1
1,1,160,5,1
1,1,139,4,1
9,-9,48,-1,0
3,1,92,4,0
7,1,190,8,1
6,-1,170,8,0
5,1,113,6,1
-2,2,200,5,1
-3,-2,84,-3,0
-2,-2,57,-2,0
3,1,111,5,1
10,-1,118,-2,0
6,1,79,3,0
7,1,150,7,1
5,2,138,9,1
-1,1,195,-6,0
6,3,118,-1,1
-4,1,148,5,0
6,0,173,8,0
7,1,95,7,1
3,-2,166,-1,0
2,-2,153,0,0
-2,-2,112,0,0
2,1,176,6,1
3,1,198,5,1
3,-2,83,-2,0
-1,1,200,6,1
2,0,92,-4,0
-4,-1,94,-5,0
6,2,187,6,1
6,-1,131,-4,0
4,2,92,5,1
1,-1,117,-4,0
-4,1,140,5,1
1,1,196,5,1
-1,-2,48,-2,0
1,2,145,5,1
-4,1,92,6,1
7,2,196,8,1
-4,-2,92,-1,0
8,2,150,1,0
9,7,158,2,1
6,1,103,-2,1
3,2,214,6,1
6,0,128,3,0
8,-7,105,1,0
10,4,201,4,1
14,-1,137,-3,0
11,0,112,-6,0
12,0,141,5,0
3,-1,134,3,0
7,-2,142,1,0
9,3,165,2,1
-3,1,166,6,1
-3,1,124,5,1
4,-1,170,1,0
16,0,152,8,1
-3,-2,96,-1,0
-4,1,190,5,1
-4,1,169,5,1
3,2,162,6,1
3,1,177,5,1
7,1,101,4,0
-2,2,149,6,1
9,9,176,5,1
2,1,126,-6,0
0,-1,68,1,0
-2,-2,122,0,0
4,0,182,3,0
8,-1,167,5,0
7,2,119,6,1
16,0,175,7,1
5,5,199,12,1
5,0,159,5,1
-4,2,89,6,1
11,-6,57,0,0
1,0,146,-5,0
4,3,186,9,1
10,2,115,4,1
1,-2,102,-1,0
4,-1,74,-2,0
-4,-2,140,-1,0
9,3,108,5,1
2,1,89,6,1
5,-1,73,4,0
9,3,124,-1,1
-2,-1,115,-4,0
5,1,91,5,1
9,-2,120,-1,0
9,1,183,7,1
9,2,175,5,1
9,0,78,0,0
13,1,142,0,0
-4,1,115,6,1
8,3,155,-6,0
10,8,167,5,1
-1,1,184,5,1
10,-2,52,0,0
9,0,167,3,0
10,-5,83,4,0
0,-1,167,-4,0
3,0,92,5,0
-4,-2,157,-2,0
9,0,78,-1,0
3,2,130,-6,0
-3,-1,104,-4,0
-3,0,96,-5,0
6,-1,100,6,0
10,-4,113,5,1
-4,1,116,5,1
11,-4,122,5,1
-2,-1,173,-4,0
6,-2,58,-1,0
7,1,144,-6,0
6,-2,113,0,0
0,2,158,5,1
9,2,167,4,1
9,2,92,6,1
-4,2,93,5,1
9,8,158,-4,1
8,2,189,4,1
-3,2,146,5,1
3,-1,142,4,0
11,-2,119,5,1
4,-1,159,1,0
3,-2,56,2,0
9,-9,96,6,0
1,1,186,5,1
16,0,150,0,0
9,7,159,-1,1
3,2,132,5,1
8,2,171,5,1
2,1,105,4,1
0,-2,77,-2,0
11,-5,89,3,0
-4,1,179,4,1
5,2,165,6,1
6,2,192,7,1
-1,1,174,4,1
-4,1,143,5,1
3,1,160,-6,0
-3,1,155,5,1
2,1,181,4,1
-1,1,112,5,1
7,-7,79,1,0
9,0,134,5,1
3,-1,87,-4,0
1,0,195,5,0
9,-3,82,-6,0
3,2,171,5,1
2,1,97,4,1
0,-1,139,-4,0
1,1,165,3,1
4,1,142,6,1
0,1,87,5,1
16,0,125,-3,0
4,0,134,7,1
4,3,192,6,1
2,0,137,5,0
9,4,136,-4,0
5,0,176,-5,0
5,2,189,5,1
8,1,85,6,1
10,-3,52,0,0
0,-2,141,-4,0
-4,2,141,5,1
-3,-2,117,0,0
6,1,191,8,1
3,1,121,-5,0
3,2,127,5,1
-3,1,131,4,1
12,2,209,9,1
8,2,184,5,1
-3,-2,88,0,0
0,-2,110,-3,0
10,1,85,4,1
5,-2,157,-4,0
2,2,123,6,1
11,-2,91,-2,0
10,-4,88,5,1
-3,0,139,4,0
11,1,151,-5,0
6,-3,109,5,0
10,6,135,3,1
2,0,167,-5,0
-1,1,82,5,0
2,-2,129,0,0
11,-4,130,5,1
8,-1,125,0,0
-3,1,189,5,1
6,1,192,-6,0
9,3,142,-3,1
7,-6,109,1,0
-1,0,172,3,0
1,2,107,7,1
2,1,106,6,1
-4,-2,87,2,0
16,0,121,3,0
6,0,86,-5,0
6,2,107,6,1
6,-1,152,-3,0
4,-1,127,3,0
-4,0,161,-5,0
11,4,137,5,1
5,-2,128,-1,0
12,2,142,6,1
10,2,91,-4,0
9,-4,121,8,0
-3,0,163,-5,0
12,1,135,3,0
2,-2,135,0,0
-2,1,196,5,1
9,-8,90,3,0
8,2,199,5,1
10,4,163,5,1
10,-7,77,5,1
5,1,95,4,1
8,-5,87,-3,0
-1,1,188,5,1
7,2,158,4,1
5,2,181,6,1
-4,0,66,3,0
2,2,204,6,1
4,1,188,-3,0
-4,1,156,6,1
4,1,201,6,1
5,3,159,9,1
8,5,149,-3,1
7,0,175,4,0
0,-2,157,1,0
13,1,91,-3,0
7,1,108,0,0
10,5,149,-3,0
7,-1,135,0,0
3,0,114,4,0
1,2,146,6,1
6,-3,148,8,0
5,1,154,5,1
0,-2,48,2,0
8,1,189,7,1
1,0,127,-6,0
10,-5,102,-5,0
6,2,107,7,1
7,1,191,9,1
9,2,162,5,1
-1,-2,105,-3,0
8,0,93,-3,1
9,6,163,-2,1
-1,2,105,6,1
-2,-2,179,-4,0
7,3,101,-1,1
10,1,91,5,1
11,2,106,-5,0
4,2,122,5,1
4,-2,89,-3,0
1,2,101,5,1
-4,1,147,5,1
2,-2,136,4,0
11,3,115,-5,0
10,6,133,4,1
11,-7,117,4,1
9,-4,124,-1,0
1,0,145,-5,0
0,1,124,5,1
1,1,141,7,1
4,0,167,4,0
2,2,171,5,1
5,2,202,9,1
9,-6,81,3,0
0,-1,159,-4,0
7,2,125,-3,1
-1,1,130,5,1
6,1,93,5,0
15,2,161,5,1
0,0,187,4,0
8,0,129,-3,0
-4,1,144,5,0
-4,-2,96,1,0
11,-1,165,-3,0
11,1,164,5,1
4,0,170,4,0
0,1,116,-6,0
1,1,147,4,1
5,2,95,6,1
8,4,156,3,1
4,-2,179,-2,0
7,-1,156,1,0
8,0,177,5,1
9,-2,148,0,0
4,0,150,3,0
8,3,189,7,1
-4,0,95,-5,0
3,2,97,4,1
7,-2,135,-1,0
5,3,212,-6,0
6,1,207,5,1
9,-3,153,4,0
7,0,116,-4,0
-3,-2,107,1,0
9,-10,100,-1,0
-4,0,181,-5,0
3,1,100,5,1
10,-4,96,5,1
11,-3,65,-1,0
13,1,89,3,1
5,-2,63,1,0
10,-3,92,4,0
3,2,93,5,1
3,-2,90,0,0
5,3,184,8,1
0,0,166,-4,0
10,-8,62,-2,0
6,1,179,6,1
10,12,187,3,1
9,-3,81,-1,0
-1,1,193,4,1
4,2,114,2,1
0,-2,117,-1,0
5,0,124,5,0
-3,2,185,6,1
8,3,142,-3,1
9,4,134,1,1
-1,-1,56,-4,0
8,7,153,-3,1
2,-2,159,1,0
11,0,179,-4,0
4,0,154,5,0
9,-3,79,3,0
-1,1,196,4,1
15,-5,81,7,1
-4,2,138,6,1
-3,-2,110,-2,0
11,-4,74,1,0
9,-13,52,-1,0
10,-7,109,5,1
10,-2,117,-3,0
3,2,109,6,1
5,-1,131,-4,0
-2,-1,101,2,0
6,-2,175,-2,0
-1,0,185,-6,0
-2,2,104,5,1
8,4,158,-2,1
0,-1,164,4,0
-1,-1,119,-4,0
10,1,178,5,1
-3,1,105,5,1
6,1,146,-6,0
9,0,157,6,1
11,3,152,0,0
5,2,152,5,1
5,-1,108,2,0
-2,-2,101,-3,0
2,0,94,-6,0
8,2,137,8,1
-1,1,141,5,1
11,11,180,2,0
9,2,206,5,1
0,1,137,5,1
9,-7,110,1,0
-2,-1,166,2,0
-2,-1,78,4,0
8,4,131,-3,1
-4,0,146,5,0
6,0,145,-6,0
7,1,99,3,1
-1,-2,122,-2,0
11,-2,137,5,1
5,1,182,10,1
9,0,78,-5,0
5,-3,69,1,0
-1,-2,107,-2,0
9,1,77,4,1
-4,-2,101,0,0
6,-1,104,-2,0
9,-9,89,0,0
0,-2,158,-1,0
2,-1,71,-4,0
8,-2,121,-1,0
-1,2,88,6,1
1,-2,126,-2,0
1,-2,170,-3,0
6,1,139,5,1
16,0,132,4,1
0,2,141,5,1
9,-2,121,-4,0
0,-2,85,3,0
1,-1,80,-3,0
3,0,171,-5,0
5,2,200,11,1
11,4,114,0,0
9,9,157,-3,1
1,-2,122,-3,0
-3,1,87,5,1
7,1,145,6,1
4,2,166,11,1
4,2,207,9,1
11,1,156,5,1
10,-3,64,-5,0
-3,1,124,5,1
3,2,111,5,1
2,0,124,3,0
8,1,87,-4,0
2,2,166,6,1
11,-4,100,6,1
-1,-1,186,3,0
-4,-2,150,-3,0
6,-3,41,0,0
-1,1,183,5,1
0,-1,141,1,0
10,0,85,-4,0
3,-3,65,-1,0
1,1,187,6,1
0,1,108,5,1
7,1,203,8,1
1,-2,155,1,0
2,-1,173,1,0
0,0,88,-4,0
0,1,111,5,1
6,1,94,-5,0
5,1,127,2,0
-1,2,211,6,1
-1,2,126,5,1
11,3,105,3,0
3,1,180,5,1
6,-1,174,-2,0
10,-6,116,-5,0
2,0,98,-5,0
-2,1,105,5,1
10,1,94,5,1
11,6,164,3,0
2,2,192,6,1
-1,1,192,4,1
-3,-2,122,-3,0
6,0,125,-5,0
0,1,130,5,0
2,2,199,6,1
-2,0,109,-5,0
0,-1,73,-3,0
6,-6,117,8,0
16,0,125,3,0
-4,0,73,5,1
-2,1,93,5,1
4,0,194,7,1
10,5,136,5,1
-3,-1,130,-5,0
1,-1,169,3,0
8,2,109,-6,0
8,1,124,5,1
2,-2,73,-3,0
6,1,100,-2,1
10,10,180,4,1
3,2,147,7,1
1,0,153,4,0
8,0,196,6,1
14,-2,51,-4,0
8,2,173,-6,0
3,0,94,-4,0
10,2,96,-4,0
-2,0,91,4,0
0,2,185,5,1
6,3,160,10,1
4,2,97,6,1
3,2,87,5,1
-3,1,124,5,1
0,0,99,4,0
-1,-1,87,2,0
2,0,97,-5,0
7,-2,164,-4,0
-3,1,79,5,1
8,1,197,5,1
-3,1,184,5,1
10,5,142,4,1
11,0,159,5,1
-2,-2,66,-2,0
1,1,139,5,1
4,0,180,3,0
7,1,186,11,1
0,-1,66,-5,0
-3,-3,106,-1,0
-2,1,186,5,1
7,2,103,5,1
7,-3,96,5,0
11,12,189,4,1
-2,2,212,5,1
10,2,101,5,1
6,3,148,9,1
10,3,147,4,1
2,1,99,5,0
9,-2,123,-2,0
10,3,111,-3,0
7,2,186,7,1
3,-1,185,-5,0
6,1,187,8,0
2,1,82,6,1
14,1,192,7,1
2,0,153,4,0
7,2,195,11,1
16,0,172,5,1
7,-1,133,0,0
5,2,192,11,1
6,0,120,8,1
10,-1,124,-6,0
-4,-1,155,3,0
7,2,127,5,1
-3,0,169,-5,0
1,-1,140,3,0
5,1,154,-6,0
3,-1,155,-2,0
9,-1,65,-1,0
6,1,202,9,1
-1,2,132,5,1
8,-5,117,3,0
7,2,183,6,1
6,1,111,-5,0
8,3,101,-2,1
2,-2,127,1,0
0,1,143,5,1
4,1,89,-5,0
-1,-2,164,-1,0
3,-1,164,-4,0
5,0,68,-5,0
11,-4,114,-6,0
-2,-2,143,-2,0
9,5,155,4,1
8,1,130,6,1
3,3,159,4,1
-3,-2,169,-2,0
1,1,151,5,1
-1,1,138,5,0
6,-3,123,0,0
9,5,180,4,1
-4,1,149,6,1
-3,-2,163,1,0
1,0,172,-3,0
2,-1,108,2,0
-1,1,110,5,1
4,2,167,-6,0
1,0,125,4,0
-2,1,183,6,1
1,2,184,6,1
16,0,158,5,1
10,-9,65,4,0
5,1,150,6,1
-1,-2,67,0,0
5,-1,73,-3,0
2,-2,173,2,0
-3,0,95,-6,0
9,4,135,-3,1
5,-1,122,4,0
10,1,94,4,0
2,2,206,6,1
-2,2,194,6,1
2,-2,167,-2,0
-1,1,149,-6,0
-4,1,122,5,1
11,-9,76,4,0
-3,-2,127,-1,0
11,4,186,6,1
1,0,83,5,1
1,0,176,-5,0
2,2,175,6,1
8,5,140,4,1
10,3,140,5,1
7,-1,116,-3,0
3,-2,127,0,0
1,1,182,5,1
0,1,106,5,1
8,2,91,-2,1
12,1,150,6,0
-4,2,154,6,1
-1,1,117,5,1
1,1,158,4,1
7,-1,156,-2,0
3,-2,129,0,0
11,1,98,5,1
3,-2,98,3,0
-4,0,179,5,1
7,-4,141,4,0
-2,2,149,5,1
0,1,185,5,1
2,-2,81,-3,0
-4,1,200,5,1
3,-2,69,-1,0
10,6,130,-3,1
-1,-1,64,-3,0
5,-1,141,4,0
6,0,69,-5,0
2,2,126,7,1
11,-3,161,-3,0
6,-1,119,0,0
0,1,95,4,1
-1,-1,168,1,0
-4,1,145,5,1
9,1,114,2,0
4,1,128,6,1
0,-1,180,3,0
10,-4,67,0,0
4,2,160,5,1
1,1,175,5,1
11,6,155,-2,0
6,-1,104,-4,0
16,0,123,-2,0
1,1,142,11,1
-2,0,102,-4,0
16,0,186,7,0
6,1,162,8,1
0,1,112,4,0
3,0,87,5,1
8,1,103,2,0
7,1,194,-6,0
9,0,89,-2,0
3,2,186,-6,0
16,0,111,1,0
4,2,115,5,1
2,2,164,5,1
8,2,172,4,0
5,-1,91,-3,0
-1,-1,121,-3,0
-1,1,100,-6,0
4,1,189,6,1
0,2,167,5,1
-2,0,123,-4,0
3,0,153,-2,0
9,1,86,5,1
7,1,154,6,1
8,0,98,2,0
4,2,149,6,1
11,1,98,6,1
11,-6,113,5,1
-1,-2,44,-1,0
5,0,72,-1,0
5,1,75,5,0
10,5,118,-5,0
1,-2,155,1,0
11,2,142,0,0
-3,1,154,6,1
-1,-1,62,-4,0
8,1,145,-4,0
10,-1,135,-4,0
3,-1,178,-2,0
3,1,149,5,1
-4,1,201,5,1
-4,1,80,-6,0
-2,-2,153,0,0
-3,2,183,5,1
-1,1,161,5,1
11,8,170,-1,0
10,-3,160,5,1
4,0,87,-4,0
-1,1,205,5,1
-2,1,163,5,1
1,1,84,4,1
15,-2,165,2,0
1,1,143,5,1
11,-10,96,-1,0
-1,1,199,5,1
6,2,188,5,1
4,1,145,2,0
6,-2,57,3,0
3,1,146,6,1
2,-1,185,-3,0
6,2,93,-5,0
1,2,165,5,1
1,-3,163,0,0
4,2,98,5,1
4,0,121,3,0
10,-2,119,-4,0
7,1,160,7,0
10,-3,154,5,1
8,3,163,-2,0
4,2,102,7,1
10,-2,65,0,0
-3,-1,164,-2,0
-1,-1,140,1,0
5,2,125,4,1
-2,1,175,4,1
-3,-2,68,0,0
3,1,145,5,1
8,0,116,4,0
2,3,126,7,1
7,0,147,-6,0
4,2,148,5,1
5,3,211,11,1
16,0,173,4,1
4,1,118,-6,0
11,-2,136,-2,0
6,-1,120,-3,0
2,3,201,6,1
9,1,199,6,1
0,2,131,5,1
11,2,120,5,1
7,2,128,-1,1
8,0,189,11,0
-4,-1,58,-5,0
-2,1,98,5,0
-4,-1,141,-4,0
-3,2,154,6,1
-1,1,174,5,1
4,-3,87,-1,0
-3,1,75,5,1
2,-2,120,1,0
-4,1,151,5,1
3,1,91,6,0
7,2,111,-4,0
7,-3,108,4,0
7,0,194,9,1
3,-2,100,-3,0
7,0,128,5,0
12,2,86,4,1
9,2,175,-3,1
-2,0,120,-5,0
1,1,102,4,1
-1,1,195,5,0
-2,1,94,6,1
9,2,110,-4,1
4,2,131,6,1
8,3,137,-2,1
7,-2,132,-4,0
2,0,139,-4,0
0,1,176,4,1
16,0,148,7,1
-3,1,151,5,1
9,5,168,4,1
-3,0,90,4,1
16,0,185,5,1
3,-2,83,-1,0
8,1,88,3,1
11,7,148,-2,0
3,0,167,-6,0
9,4,113,-4,0
-4,1,188,5,1
4,2,147,5,1
9,2,106,4,1
8,-2,134,-5,0
-4,-2,143,1,0
7,-3,84,-1,0
3,2,181,5,1
10,2,203,5,1
-1,1,152,6,1
-4,-2,151,-3,0
4,2,90,4,1
-2,1,111,5,1
4,2,142,4,1
8,0,96,-4,1
6,-2,57,-1,0
8,0,134,-2,0
13,-2,57,-4,0
-4,-2,58,0,0
-1,-1,111,-4,0
2,1,137,5,1
7,0,143,9,0
9,7,182,3,1
7,2,87,1,1
-2,1,95,5,1
5,2,196,9,1
11,0,71,5,1
-1,-1,78,1,0
-4,-2,118,-3,0
10,7,139,-5,0
-2,-2,175,1,0
-1,1,150,4,1
10,-15,49,0,0
0,-2,138,0,0
11,7,154,5,1
